screen_name,figma_node_id,navigator_key,implementation_file,functional_status,data_source,persistence_status,test_status,figma_source_status,app_capture_status,overlay_status,pixel_diff_status,asset_status,visual_status,android_status,ios_status,notes
06-checkout-summary-4step-overview-v2-fr,309:679,checkout-summary,mayush-mobile/src/screens/checkout/CheckoutSummaryScreen.tsx,PASS,Cart & Checkout State,AsyncStorage,PASS,CAPTURED_393x852,CAPTURED_393x852,GENERATED,GENERATED,PASS,NEEDS_PIXEL_CORRECTION,BLOCKED_BY_ENVIRONMENT,BLOCKED_BY_ENVIRONMENT,393x852 captured. Baseline: 18.58% -> After: 18.61%
06-choose-address-saved-list-v2-fr,309:680,address-selection,mayush-mobile/src/screens/checkout/AddressSelectionScreen.tsx,PASS,Checkout State,AsyncStorage,PASS,CAPTURED_393x852,CAPTURED_393x852,GENERATED,GENERATED,PASS,NEEDS_PIXEL_CORRECTION,BLOCKED_BY_ENVIRONMENT,BLOCKED_BY_ENVIRONMENT,393x852 captured. Baseline: 19.48% -> After: 19.50%
06-add-new-address-form-v2-fr,309:681,add-address,mayush-mobile/src/screens/checkout/AddAddressFormScreen.tsx,PASS,Address Draft,Local State,PASS,CAPTURED_393x852,CAPTURED_393x852,GENERATED,GENERATED,PASS,MEASURABLE_IMPROVEMENT_STILL_NEEDS_PIXEL_CORRECTION,BLOCKED_BY_ENVIRONMENT,BLOCKED_BY_ENVIRONMENT,393x852 captured. Baseline: 11.94% -> Best: 11.33% (-0.61%)
06-add-address-validation-errors-fr,309:682,add-address-errors,mayush-mobile/src/screens/checkout/AddAddressFormScreen.tsx,PASS,Address Validator,Local State,PASS,CAPTURED_393x852,CAPTURED_393x852,GENERATED,GENERATED,PASS,MEASURABLE_IMPROVEMENT_STILL_NEEDS_PIXEL_CORRECTION,BLOCKED_BY_ENVIRONMENT,BLOCKED_BY_ENVIRONMENT,393x852 captured. Baseline: 15.50% -> Best: 14.46% (-1.04%)
06-city-selector-list-fr,309:683,city-selector,mayush-mobile/src/screens/checkout/CheckoutAddressStateScreens.tsx,PASS,Address Domain & Morocco Fixtures,Checkout Session,PASS,LIVE_FIGMA_VERIFIED,PENDING,PENDING,PENDING,PASS,FRONTEND_COMPLETE_WEB_CHECKED,IMPLEMENTED_WEB_CHECKED_NATIVE_VALIDATION_PENDING,BLOCKED_BY_ENVIRONMENT,Step 8G stable city IDs and deterministic search.
06-delivery-zone-selector-fr,309:684,delivery-zone-selector,mayush-mobile/src/screens/checkout/CheckoutAddressStateScreens.tsx,PASS,Address Domain & Delivery Fixtures,Checkout Session,PASS,LIVE_FIGMA_VERIFIED,PENDING,PENDING,PENDING,PASS,FRONTEND_COMPLETE_WEB_CHECKED,IMPLEMENTED_WEB_CHECKED_NATIVE_VALIDATION_PENDING,BLOCKED_BY_ENVIRONMENT,Step 8G city-zone compatibility enforced.
06-edit-address-form-fr,309:685,edit-checkout-address,mayush-mobile/src/screens/checkout/CheckoutAddressStateScreens.tsx,PASS,Canonical Address Domain,Checkout Session,PASS,LIVE_FIGMA_VERIFIED,PENDING,PENDING,PENDING,PASS,FRONTEND_COMPLETE_WEB_CHECKED,IMPLEMENTED_WEB_CHECKED_NATIVE_VALIDATION_PENDING,BLOCKED_BY_ENVIRONMENT,Step 8G shared validation and immutable order snapshots.
06-no-address-saved-empty-state-v2-fr,309:686,no-saved-address,mayush-mobile/src/screens/checkout/CheckoutAddressStateScreens.tsx,PASS,Canonical Address Domain,Derived State,PASS,LIVE_FIGMA_VERIFIED,PENDING,PENDING,PENDING,PASS,FRONTEND_COMPLETE_WEB_CHECKED,IMPLEMENTED_WEB_CHECKED_NATIVE_VALIDATION_PENDING,BLOCKED_BY_ENVIRONMENT,Step 8G empty state derives from zero addresses.
06-delivery-by-vendor-multi-seller-fr,309:688,delivery-by-vendor,mayush-mobile/src/screens/checkout/CheckoutDeliveryStateScreens.tsx,PASS,Cart Seller Projection & Checkout Delivery,Checkout Session,PASS,LIVE_FIGMA_VERIFIED,PENDING,PENDING,PENDING,PASS,FRONTEND_COMPLETE_WEB_CHECKED,IMPLEMENTED_WEB_CHECKED_NATIVE_VALIDATION_PENDING,BLOCKED_BY_ENVIRONMENT,Step 8G one checkout with per-seller delivery projections.
06-delivery-unavailable-address-error-fr,309:689,delivery-unavailable,mayush-mobile/src/screens/checkout/CheckoutDeliveryStateScreens.tsx,PASS,Deterministic Delivery Compatibility,Transient UI,PASS,LIVE_FIGMA_VERIFIED,PENDING,PENDING,PENDING,PASS,FRONTEND_COMPLETE_WEB_CHECKED,IMPLEMENTED_WEB_CHECKED_NATIVE_VALIDATION_PENDING,BLOCKED_BY_ENVIRONMENT,Step 8G unsupported zone blocks payment and preserves affected sellers.
06-pay-with-wallet-balance-fr,309:691,wallet-balance,mayush-mobile/src/screens/checkout/CheckoutPaymentDetailScreens.tsx,PASS,Shared Payment Preferences & Checkout,Checkout Session,PASS,LIVE_FIGMA_VERIFIED,PENDING,PENDING,PENDING,PASS,FRONTEND_COMPLETE_WEB_CHECKED,IMPLEMENTED_WEB_CHECKED_NATIVE_VALIDATION_PENDING,BLOCKED_BY_ENVIRONMENT,Step 8G frontend-only integer MAD wallet sufficiency and auth continuity.
06-saved-payment-cards-visa-mastercard-fr,309:692,saved-payment-cards,mayush-mobile/src/screens/checkout/CheckoutPaymentDetailScreens.tsx,PASS,Shared Account Payment Preferences,Checkout Session,PASS,LIVE_FIGMA_VERIFIED,PENDING,PENDING,PENDING,PASS,FRONTEND_COMPLETE_WEB_CHECKED,IMPLEMENTED_WEB_CHECKED_NATIVE_VALIDATION_PENDING,BLOCKED_BY_ENVIRONMENT,Step 8G safe brand last4 expiry metadata only; no PAN or CVV.
06-choose-delivery-standard-express-relay-v2-fr,309:687,delivery-method,mayush-mobile/src/screens/checkout/DeliveryMethodScreen.tsx,PASS,Checkout State,AsyncStorage,PASS,CAPTURED_393x852,CAPTURED_393x852,GENERATED,GENERATED,PASS,NEEDS_PIXEL_CORRECTION,BLOCKED_BY_ENVIRONMENT,BLOCKED_BY_ENVIRONMENT,393x852 captured. Baseline: 19.18% -> After: 19.07%
06-choose-payment-cmi-cod-wallet-v2-fr,309:690,payment-method,mayush-mobile/src/screens/checkout/PaymentMethodScreen.tsx,PASS,Checkout State,AsyncStorage,PASS,CAPTURED_393x852,CAPTURED_393x852,GENERATED,GENERATED,PASS,NEEDS_PIXEL_CORRECTION,BLOCKED_BY_ENVIRONMENT,BLOCKED_BY_ENVIRONMENT,393x852 captured. Baseline: 20.32% -> After: 20.27%
04-welcome-sign-in-create-account-guest-fr,309:613,auth-gate,mayush-mobile/src/screens/checkout/AuthenticationGateScreen.tsx,PASS,Auth State,Session State,PASS,CAPTURED_393x852,CAPTURED_393x852,GENERATED,GENERATED,PASS,NEEDS_PIXEL_CORRECTION,BLOCKED_BY_ENVIRONMENT,BLOCKED_BY_ENVIRONMENT,393x852 captured. Baseline: 38.45% -> After: 38.45%
06-payment-step-intro-step3-v2-fr,309:693,payment-step-intro,mayush-mobile/src/screens/checkout/PaymentStepIntroScreen.tsx,PASS,Order State,Session State,PASS,CAPTURED_393x852,CAPTURED_393x852,GENERATED,GENERATED,PASS,NEEDS_PIXEL_CORRECTION,BLOCKED_BY_ENVIRONMENT,BLOCKED_BY_ENVIRONMENT,393x852 captured. Baseline: 16.41% -> After: 16.53%
06-secure-payment-redirect-v2-fr,309:694,secure-payment-redirect,mayush-mobile/src/screens/checkout/PaymentFlowScreens.tsx,PASS,Order State,Session State,PASS,CAPTURED_393x852,CAPTURED_393x852,GENERATED,GENERATED,PASS,NEEDS_PIXEL_CORRECTION,BLOCKED_BY_ENVIRONMENT,BLOCKED_BY_ENVIRONMENT,393x852 captured. Baseline: 21.45% -> After: 21.95%
06-secure-payment-redirect-loading-fr,309:695,secure-payment-loading,mayush-mobile/src/screens/checkout/PaymentFlowScreens.tsx,PASS,Order State,Session State,PASS,CAPTURED_393x852,CAPTURED_393x852,GENERATED,GENERATED,PASS,NEEDS_PIXEL_CORRECTION,BLOCKED_BY_ENVIRONMENT,BLOCKED_BY_ENVIRONMENT,393x852 captured. Baseline: 13.01% -> After: 12.98%
06-payment-verification-processing-fr,309:696,payment-verification,mayush-mobile/src/screens/checkout/PaymentFlowScreens.tsx,PASS,Order State,Session State,PASS,CAPTURED_393x852,CAPTURED_393x852,GENERATED,GENERATED,PASS,NEEDS_PIXEL_CORRECTION,BLOCKED_BY_ENVIRONMENT,BLOCKED_BY_ENVIRONMENT,393x852 captured. Baseline: 14.61% -> After: 14.66%
06-cash-on-delivery-confirmation-fr,309:697,cash-on-delivery-confirmation,mayush-mobile/src/screens/checkout/PaymentFlowScreens.tsx,PASS,Order State,Session State,PASS,CAPTURED_393x852,CAPTURED_393x852,GENERATED,GENERATED,PASS,NEEDS_PIXEL_CORRECTION,BLOCKED_BY_ENVIRONMENT,BLOCKED_BY_ENVIRONMENT,393x852 captured. Baseline: 20.95% -> After: 20.93%
06-payment-confirmed-success-v2-fr,309:698,payment-success,mayush-mobile/src/screens/checkout/PaymentSuccessScreen.tsx,PASS,Order State,Session State,PASS,CAPTURED_393x852,CAPTURED_393x852,GENERATED,GENERATED,PASS,NEEDS_PIXEL_CORRECTION,BLOCKED_BY_ENVIRONMENT,BLOCKED_BY_ENVIRONMENT,393x852 captured. Baseline: 15.18% -> After: 15.29%
06-payment-failed-retry-fr,309:699,payment-failed,mayush-mobile/src/screens/checkout/PaymentFlowScreens.tsx,PASS,Order State,Session State,PASS,CAPTURED_393x852,CAPTURED_393x852,GENERATED,GENERATED,PASS,NEEDS_PIXEL_CORRECTION,BLOCKED_BY_ENVIRONMENT,BLOCKED_BY_ENVIRONMENT,393x852 captured. Baseline: 18.26% -> After: 20.17%
06-payment-cancelled-resume-fr,309:700,payment-cancelled,mayush-mobile/src/screens/checkout/PaymentFlowScreens.tsx,PASS,Order State,Session State,PASS,CAPTURED_393x852,CAPTURED_393x852,GENERATED,GENERATED,PASS,NEEDS_PIXEL_CORRECTION,BLOCKED_BY_ENVIRONMENT,BLOCKED_BY_ENVIRONMENT,393x852 captured. Baseline: 18.13% -> After: 19.98%
06-order-review-confirm-multi-vendor-v2-fr,309:703,order-review,mayush-mobile/src/screens/checkout/OrderReviewScreen.tsx,PASS,Cart & Order State,Session State,PASS,CAPTURED_393x852,CAPTURED_393x852,GENERATED,GENERATED,PASS,NEEDS_PIXEL_CORRECTION,BLOCKED_BY_ENVIRONMENT,BLOCKED_BY_ENVIRONMENT,393x852 captured. Baseline: 18.24% -> After: 18.37%
06-order-processing-loading-state-fr,309:706,order-processing,mayush-mobile/src/screens/checkout/OrderProcessingScreen.tsx,PASS,Order State,Session State,PASS,CAPTURED_393x852,CAPTURED_393x852,GENERATED,GENERATED,PASS,NEEDS_PIXEL_CORRECTION,BLOCKED_BY_ENVIRONMENT,BLOCKED_BY_ENVIRONMENT,393x852 captured. Baseline: 13.22% -> After: 13.20%
02-category-landing-salon-collections-fr,309:593,category-landing,mayush-mobile/src/screens/discovery/CategoryLandingScreen.tsx,PASS,Catalog Service & Fixtures,Local State,PASS,CAPTURED_393x852,PENDING,PENDING,PENDING,PASS,FRONTEND_COMPLETE_WEB_CHECKED,IMPLEMENTED_WEB_CHECKED_NATIVE_VALIDATION_PENDING,BLOCKED_BY_ENVIRONMENT,Step 1 screen created and wired to RootNavigator.
02-collection-salon-contemporain-shop-the-look,309:595,collection-shop-the-look,mayush-mobile/src/screens/discovery/CollectionShopTheLookScreen.tsx,PASS,Catalog Service & Fixtures,Local State,PASS,CAPTURED_393x852,PENDING,PENDING,PENDING,PASS,FRONTEND_COMPLETE_WEB_CHECKED,IMPLEMENTED_WEB_CHECKED_NATIVE_VALIDATION_PENDING,BLOCKED_BY_ENVIRONMENT,Step 1 screen created and wired to RootNavigator.
02-filter-panel-category-price-color-material,309:596,FilterPanelModal,mayush-mobile/src/screens/discovery/FilterPanelModal.tsx,PASS,Local Filter State,Local State,PASS,CAPTURED_393x852,PENDING,PENDING,PENDING,PASS,FRONTEND_COMPLETE_WEB_CHECKED,IMPLEMENTED_WEB_CHECKED_NATIVE_VALIDATION_PENDING,BLOCKED_BY_ENVIRONMENT,Step 1 modal created and wired to RootNavigator.
02-flash-deals-countdown-timer,309:597,flash-deals,mayush-mobile/src/screens/promotions/FlashDealsScreen.tsx,PASS,Catalog Service & Fixtures,Local State,PASS,CAPTURED_393x852,PENDING,PENDING,PENDING,PASS,FRONTEND_COMPLETE_WEB_CHECKED,IMPLEMENTED_WEB_CHECKED_NATIVE_VALIDATION_PENDING,BLOCKED_BY_ENVIRONMENT,Step 1 screen created and wired to RootNavigator.
02-promotions-campaigns-offers,309:598,promotions-campaigns,mayush-mobile/src/screens/promotions/PromotionsCampaignsScreen.tsx,PASS,Local Promo Fixtures,Local State,PASS,CAPTURED_393x852,PENDING,PENDING,PENDING,PASS,FRONTEND_COMPLETE_WEB_CHECKED,IMPLEMENTED_WEB_CHECKED_NATIVE_VALIDATION_PENDING,BLOCKED_BY_ENVIRONMENT,Step 1 screen created and wired to RootNavigator.
02-recently-viewed-products,309:599,recently-viewed,mayush-mobile/src/screens/discovery/RecentlyViewedScreen.tsx,PASS,Catalog History Fixtures,Local State,PASS,CAPTURED_393x852,PENDING,PENDING,PENDING,PASS,FRONTEND_COMPLETE_WEB_CHECKED,IMPLEMENTED_WEB_CHECKED_NATIVE_VALIDATION_PENDING,BLOCKED_BY_ENVIRONMENT,Step 1 screen created and wired to RootNavigator.
02-search-landing-trending-recent-fr,309:600,search-landing,mayush-mobile/src/screens/search/SearchLandingScreen.tsx,PASS,Search History State,Local State,PASS,CAPTURED_393x852,PENDING,PENDING,PENDING,PASS,FRONTEND_COMPLETE_WEB_CHECKED,IMPLEMENTED_WEB_CHECKED_NATIVE_VALIDATION_PENDING,BLOCKED_BY_ENVIRONMENT,Step 1 screen created and wired to RootNavigator.
02-search-results-grid-fauteuil,309:601,search-results,mayush-mobile/src/screens/search/SearchResultsScreen.tsx,PASS,Search Query Engine,Local State,PASS,CAPTURED_393x852,PENDING,PENDING,PENDING,PASS,FRONTEND_COMPLETE_WEB_CHECKED,IMPLEMENTED_WEB_CHECKED_NATIVE_VALIDATION_PENDING,BLOCKED_BY_ENVIRONMENT,Step 1 screen created and wired to RootNavigator.
02-search-no-results-found,309:602,search-no-results,mayush-mobile/src/screens/search/SearchNoResultsScreen.tsx,PASS,Search Query Engine,Local State,PASS,CAPTURED_393x852,PENDING,PENDING,PENDING,PASS,FRONTEND_COMPLETE_WEB_CHECKED,IMPLEMENTED_WEB_CHECKED_NATIVE_VALIDATION_PENDING,BLOCKED_BY_ENVIRONMENT,Step 1 screen created and wired to RootNavigator.
03-product-detail-full-description-reviews-specs,309:606,product-description,mayush-mobile/src/screens/product/ProductFullDescriptionScreen.tsx,PASS,Product Craftsmanship Story,Local State,PASS,CAPTURED_393x852,PENDING,PENDING,PENDING,PASS,FRONTEND_COMPLETE_WEB_CHECKED,IMPLEMENTED_WEB_CHECKED_NATIVE_VALIDATION_PENDING,BLOCKED_BY_ENVIRONMENT,Step 2 screen created and wired to RootNavigator.
03-product-specifications-table,309:608,product-specifications,mayush-mobile/src/screens/product/ProductSpecificationsScreen.tsx,PASS,Product Tech Specs Table,Local State,PASS,CAPTURED_393x852,PENDING,PENDING,PENDING,PASS,FRONTEND_COMPLETE_WEB_CHECKED,IMPLEMENTED_WEB_CHECKED_NATIVE_VALIDATION_PENDING,BLOCKED_BY_ENVIRONMENT,Step 2 screen created and wired to RootNavigator.
03-product-delivery-returns-info,309:609,product-delivery-returns,mayush-mobile/src/screens/product/ProductDeliveryReturnsScreen.tsx,PASS,Moroccan Shipping Info,Local State,PASS,CAPTURED_393x852,PENDING,PENDING,PENDING,PASS,FRONTEND_COMPLETE_WEB_CHECKED,IMPLEMENTED_WEB_CHECKED_NATIVE_VALIDATION_PENDING,BLOCKED_BY_ENVIRONMENT,Step 2 screen created and wired to RootNavigator.
03-product-customer-reviews-ratings,309:610,product-reviews,mayush-mobile/src/screens/product/ProductReviewsRatingsScreen.tsx,PASS,Verified Buyer Reviews,Local State,PASS,CAPTURED_393x852,PENDING,PENDING,PENDING,PASS,FRONTEND_COMPLETE_WEB_CHECKED,IMPLEMENTED_WEB_CHECKED_NATIVE_VALIDATION_PENDING,BLOCKED_BY_ENVIRONMENT,Step 2 screen created and wired to RootNavigator.
05-wishlist-items-grid-with-prices-fr,309:670,wishlist,mayush-mobile/src/screens/commerce/WishlistScreen.tsx,PASS,Populated Wishlist State,Local State & AsyncStorage,PASS,CAPTURED_393x852,PENDING,PENDING,PENDING,PASS,FRONTEND_COMPLETE_WEB_CHECKED,IMPLEMENTED_WEB_CHECKED_NATIVE_VALIDATION_PENDING,BLOCKED_BY_ENVIRONMENT,Step 2 dual-state wishlist updated.
05-wishlist-move-to-cart-variant-sheet-fr,309:671,wishlist,mayush-mobile/src/screens/commerce/WishlistScreen.tsx,PASS,Wishlist Move to Cart,Local State,PASS,CAPTURED_393x852,PENDING,PENDING,PENDING,PASS,FRONTEND_COMPLETE_WEB_CHECKED,IMPLEMENTED_WEB_CHECKED_NATIVE_VALIDATION_PENDING,BLOCKED_BY_ENVIRONMENT,Step 2 wishlist move-to-cart integrated.
05-wishlist-out-of-stock-alternatives-fr,309:672,wishlist,mayush-mobile/src/screens/commerce/WishlistScreen.tsx,PASS,Wishlist Out of Stock Modal,Local State,PASS,CAPTURED_393x852,PENDING,PENDING,PENDING,PASS,FRONTEND_COMPLETE_WEB_CHECKED,IMPLEMENTED_WEB_CHECKED_NATIVE_VALIDATION_PENDING,BLOCKED_BY_ENVIRONMENT,Step 2 alternatives modal created.
05-wishlist-price-change-notifications-fr,309:673,wishlist,mayush-mobile/src/screens/commerce/WishlistScreen.tsx,PASS,Price Drop Banner,Local State,PASS,CAPTURED_393x852,PENDING,PENDING,PENDING,PASS,FRONTEND_COMPLETE_WEB_CHECKED,IMPLEMENTED_WEB_CHECKED_NATIVE_VALIDATION_PENDING,BLOCKED_BY_ENVIRONMENT,Step 2 price drop alert created.
05-wishlist-remove-confirmation-dialog-fr,309:674,wishlist,mayush-mobile/src/screens/commerce/WishlistScreen.tsx,PASS,Wishlist Remove Modal,Local State,PASS,CAPTURED_393x852,PENDING,PENDING,PENDING,PASS,FRONTEND_COMPLETE_WEB_CHECKED,IMPLEMENTED_WEB_CHECKED_NATIVE_VALIDATION_PENDING,BLOCKED_BY_ENVIRONMENT,Step 2 remove dialog modal created.
05-wishlist-empty-state-fr,309:675,wishlist,mayush-mobile/src/screens/commerce/WishlistScreen.tsx,PASS,Empty Wishlist State,Local State,PASS,CAPTURED_393x852,PENDING,PENDING,PENDING,PASS,FRONTEND_COMPLETE_WEB_CHECKED,IMPLEMENTED_WEB_CHECKED_NATIVE_VALIDATION_PENDING,BLOCKED_BY_ENVIRONMENT,Step 2 empty state updated.
05-cart-quantity-update-toast-fr,309:659,cart,mayush-mobile/src/components/cart/CartToast.tsx,PASS,Authoritative Cart State,Transient UI State,PASS,LIVE_FIGMA_VERIFIED_393x852,PENDING,PENDING,PENDING,PASS,FRONTEND_COMPLETE_WEB_CHECKED,IMPLEMENTED_WEB_CHECKED_NATIVE_VALIDATION_PENDING,BLOCKED_BY_ENVIRONMENT,Step 8F quantity mutation uses existing cart path and transient 1600ms feedback.
05-cart-modify-variant-bottom-sheet-fr,309:660,cart,mayush-mobile/src/components/cart/VariantEditSheet.tsx,PASS,Authoritative Cart State,Transient UI State,PASS,LIVE_FIGMA_VERIFIED_393x852,PENDING,PENDING,PENDING,PASS,FRONTEND_COMPLETE_WEB_CHECKED,IMPLEMENTED_WEB_CHECKED_NATIVE_VALIDATION_PENDING,BLOCKED_BY_ENVIRONMENT,Step 8F cart-line variant edit preserves identity and merges equivalent lines.
05-cart-multi-vendor-grouped-by-seller-fr,309:661,cart,mayush-mobile/src/components/cart/SellerCartGroup.tsx,PASS,Authoritative Cart State,View Projection,PASS,LIVE_FIGMA_VERIFIED_393x852,PENDING,PENDING,PENDING,PASS,FRONTEND_COMPLETE_WEB_CHECKED,IMPLEMENTED_WEB_CHECKED_NATIVE_VALIDATION_PENDING,BLOCKED_BY_ENVIRONMENT,Step 8F seller grouping is a non-mutating buyer cart projection.
05-cart-invalid-promo-code-error-fr,309:662,cart,mayush-mobile/src/screens/commerce/CartScreen.tsx,PASS,Cart Promotion Catalog,Transient Error State,PASS,LIVE_FIGMA_VERIFIED_393x852,PENDING,PENDING,PENDING,PASS,FRONTEND_COMPLETE_WEB_CHECKED,IMPLEMENTED_WEB_CHECKED_NATIVE_VALIDATION_PENDING,BLOCKED_BY_ENVIRONMENT,Step 8F invalid promotion leaves durable cart totals unchanged.
05-cart-promo-applied-order-summary-fr,309:663,cart,mayush-mobile/src/screens/commerce/CartScreen.tsx,PASS,Authoritative Cart Promotion State,AsyncStorage Identity,PASS,LIVE_FIGMA_VERIFIED_393x852,PENDING,PENDING,PENDING,PASS,FRONTEND_COMPLETE_WEB_CHECKED,IMPLEMENTED_WEB_CHECKED_NATIVE_VALIDATION_PENDING,BLOCKED_BY_ENVIRONMENT,Step 8F applied promotion discount is shared with checkout and BuyerOrder snapshot.
05-cart-promo-code-modal-available-offers-fr,309:664,cart,mayush-mobile/src/screens/commerce/CartScreen.tsx,PASS,Cart Promotion Catalog,Transient UI State,PASS,LIVE_FIGMA_VERIFIED_393x852,PENDING,PENDING,PENDING,PASS,FRONTEND_COMPLETE_WEB_CHECKED,IMPLEMENTED_WEB_CHECKED_NATIVE_VALIDATION_PENDING,BLOCKED_BY_ENVIRONMENT,Step 8F eligible offers derive from one deterministic promotion catalog.
05-cart-remove-item-confirmation-dialog-fr,309:665,cart,mayush-mobile/src/components/cart/RemoveItemDialog.tsx,PASS,Authoritative Cart State,Transient UI State,PASS,LIVE_FIGMA_VERIFIED_393x852,PENDING,PENDING,PENDING,PASS,FRONTEND_COMPLETE_WEB_CHECKED,IMPLEMENTED_WEB_CHECKED_NATIVE_VALIDATION_PENDING,BLOCKED_BY_ENVIRONMENT,Step 8F exact cartLineId removal revalidates promotions and conditionally reaches empty cart.
05-cart-update-needed-price-stock-changes-fr,309:666,cart,mayush-mobile/src/components/cart/CartUpdateAlert.tsx,PASS,Price & Stock Diff State,Local State,PASS,CAPTURED_393x852,PENDING,PENDING,PENDING,PASS,FRONTEND_COMPLETE_WEB_CHECKED,IMPLEMENTED_WEB_CHECKED_NATIVE_VALIDATION_PENDING,BLOCKED_BY_ENVIRONMENT,Step 3B update needed alert component created.
05-cart-skeleton-loading-state,309:667,cart,mayush-mobile/src/components/cart/CartSkeleton.tsx,PASS,Skeleton Loading State,Local State,PASS,CAPTURED_393x852,PENDING,PENDING,PENDING,PASS,FRONTEND_COMPLETE_WEB_CHECKED,IMPLEMENTED_WEB_CHECKED_NATIVE_VALIDATION_PENDING,BLOCKED_BY_ENVIRONMENT,Step 3B native placeholder loading component created.
05-cart-empty-state-fr,309:668,cart,mayush-mobile/src/components/cart/CartEmptyState.tsx,PASS,Empty Cart State,Local State,PASS,CAPTURED_393x852,PENDING,PENDING,PENDING,PASS,FRONTEND_COMPLETE_WEB_CHECKED,IMPLEMENTED_WEB_CHECKED_NATIVE_VALIDATION_PENDING,BLOCKED_BY_ENVIRONMENT,Step 3B empty cart component created.
05-cart-error-loading-state-fr,309:669,cart,mayush-mobile/src/components/cart/CartErrorState.tsx,PASS,Loading Error State,Local State,PASS,CAPTURED_393x852,PENDING,PENDING,PENDING,PASS,FRONTEND_COMPLETE_WEB_CHECKED,IMPLEMENTED_WEB_CHECKED_NATIVE_VALIDATION_PENDING,BLOCKED_BY_ENVIRONMENT,Step 3B error retry component created.
05-saved-for-later-items-list-fr,309:676,cart,mayush-mobile/src/components/cart/SavedForLaterList.tsx,PASS,Saved For Later State,Local State & AsyncStorage,PASS,CAPTURED_393x852,PENDING,PENDING,PENDING,PASS,FRONTEND_COMPLETE_WEB_CHECKED,IMPLEMENTED_WEB_CHECKED_NATIVE_VALIDATION_PENDING,BLOCKED_BY_ENVIRONMENT,Step 3B saved for later list component created.
05-cart-merge-guest-account-fusion-fr,309:677,cart,mayush-mobile/src/components/cart/CartMergeSummary.tsx,PASS,Cart Fusion Merge State,Local State,PASS,CAPTURED_393x852,PENDING,PENDING,PENDING,PASS,FRONTEND_COMPLETE_WEB_CHECKED,IMPLEMENTED_WEB_CHECKED_NATIVE_VALIDATION_PENDING,BLOCKED_BY_ENVIRONMENT,Step 3B guest-account fusion merge component created.
04-welcome-sign-in-create-account-guest-fr,309:613,auth-welcome,mayush-mobile/src/screens/auth/AuthenticationWelcomeScreen.tsx,PASS,Auth State,Session State,PASS,CAPTURED_393x852,PENDING,PENDING,PENDING,PASS,FRONTEND_COMPLETE_WEB_CHECKED,IMPLEMENTED_WEB_CHECKED_NATIVE_VALIDATION_PENDING,BLOCKED_BY_ENVIRONMENT,Step 4A welcome auth screen created and wired to RootNavigator.
04-login-email-phone-password-fr,309:614,login,mayush-mobile/src/screens/auth/LoginScreen.tsx,PASS,Auth State,Session State,PASS,CAPTURED_393x852,PENDING,PENDING,PENDING,PASS,FRONTEND_COMPLETE_WEB_CHECKED,IMPLEMENTED_WEB_CHECKED_NATIVE_VALIDATION_PENDING,BLOCKED_BY_ENVIRONMENT,Step 4A login form created with show/hide password toggle.
04-login-error-incorrect-credentials-fr,309:618,login-error,mayush-mobile/src/screens/auth/LoginErrorScreen.tsx,PASS,Auth State,Session State,PASS,CAPTURED_393x852,PENDING,PENDING,PENDING,PASS,FRONTEND_COMPLETE_WEB_CHECKED,IMPLEMENTED_WEB_CHECKED_NATIVE_VALIDATION_PENDING,BLOCKED_BY_ENVIRONMENT,Step 4A login error state created with retry action.
04-login-loading-state-fr,309:622,login-loading,mayush-mobile/src/screens/auth/LoginLoadingScreen.tsx,PASS,Auth State,Session State,PASS,CAPTURED_393x852,PENDING,PENDING,PENDING,PASS,FRONTEND_COMPLETE_WEB_CHECKED,IMPLEMENTED_WEB_CHECKED_NATIVE_VALIDATION_PENDING,BLOCKED_BY_ENVIRONMENT,Step 4A native placeholder loading state created.
04-registration-form-fr,309:648,registration,mayush-mobile/src/screens/auth/RegistrationScreen.tsx,PASS,Registration Draft,Local State,PASS,CAPTURED_393x852,PENDING,PENDING,PENDING,PASS,FRONTEND_COMPLETE_WEB_CHECKED,IMPLEMENTED_WEB_CHECKED_NATIVE_VALIDATION_PENDING,BLOCKED_BY_ENVIRONMENT,Step 4A registration form created with +212 Moroccan phone format support.
04-consent-terms-privacy-fr,309:644,terms-consent,mayush-mobile/src/screens/auth/TermsConsentScreen.tsx,PASS,Consent State,Local State,PASS,CAPTURED_393x852,PENDING,PENDING,PENDING,PASS,FRONTEND_COMPLETE_WEB_CHECKED,IMPLEMENTED_WEB_CHECKED_NATIVE_VALIDATION_PENDING,BLOCKED_BY_ENVIRONMENT,Step 4A legal terms consent screen created.
04-account-created-success-fr,309:649,account-created,mayush-mobile/src/screens/auth/AccountCreatedSuccessScreen.tsx,PASS,Auth State,Session State,PASS,CAPTURED_393x852,PENDING,PENDING,PENDING,PASS,FRONTEND_COMPLETE_WEB_CHECKED,IMPLEMENTED_WEB_CHECKED_NATIVE_VALIDATION_PENDING,BLOCKED_BY_ENVIRONMENT,Step 4A account creation success screen created.
04-login-prompt-overlay-favorites-fr,309:653,favorites-auth-prompt,mayush-mobile/src/screens/auth/FavoritesAuthPromptOverlay.tsx,PASS,Auth Prompt Overlay,Local State,PASS,CAPTURED_393x852,PENDING,PENDING,PENDING,PASS,FRONTEND_COMPLETE_WEB_CHECKED,IMPLEMENTED_WEB_CHECKED_NATIVE_VALIDATION_PENDING,BLOCKED_BY_ENVIRONMENT,Step 4A favorites auth-gate overlay modal created.
04-forgot-password-enter-email-fr,309:626,forgot-password,mayush-mobile/src/screens/auth/ForgotPasswordScreen.tsx,PASS,Auth Recovery State,Local State,PASS,CAPTURED_393x852,PENDING,PENDING,PENDING,PASS,FRONTEND_COMPLETE_WEB_CHECKED,IMPLEMENTED_WEB_CHECKED_NATIVE_VALIDATION_PENDING,BLOCKED_BY_ENVIRONMENT,Step 4B forgot password enter email screen created and wired to RootNavigator.
04-email-verification-link-sent-fr,309:630,recovery-email-sent,mayush-mobile/src/screens/auth/EmailVerificationSentScreen.tsx,PASS,Auth Recovery State,Local State,PASS,CAPTURED_393x852,PENDING,PENDING,PENDING,PASS,FRONTEND_COMPLETE_WEB_CHECKED,IMPLEMENTED_WEB_CHECKED_NATIVE_VALIDATION_PENDING,BLOCKED_BY_ENVIRONMENT,Step 4B email verification link sent confirmation screen created.
04-otp-phone-verification-fr,309:634,otp-verification,mayush-mobile/src/screens/auth/PhoneOtpVerificationScreen.tsx,PASS,Auth OTP State,Local State,PASS,CAPTURED_393x852,PENDING,PENDING,PENDING,PASS,FRONTEND_COMPLETE_WEB_CHECKED,IMPLEMENTED_WEB_CHECKED_NATIVE_VALIDATION_PENDING,BLOCKED_BY_ENVIRONMENT,Step 4B phone OTP verification 6-digit screen created with auto-advance and resend timer.
04-otp-verification-error-incorrect-code-fr,309:638,otp-error,mayush-mobile/src/screens/auth/OtpErrorScreen.tsx,PASS,Auth OTP State,Local State,PASS,CAPTURED_393x852,PENDING,PENDING,PENDING,PASS,FRONTEND_COMPLETE_WEB_CHECKED,IMPLEMENTED_WEB_CHECKED_NATIVE_VALIDATION_PENDING,BLOCKED_BY_ENVIRONMENT,Step 4B OTP verification error screen created with retry action.
04-create-new-password-requirements-fr,309:639,create-new-password,mayush-mobile/src/screens/auth/CreateNewPasswordScreen.tsx,PASS,Auth Password State,Local State,PASS,CAPTURED_393x852,PENDING,PENDING,PENDING,PASS,FRONTEND_COMPLETE_WEB_CHECKED,IMPLEMENTED_WEB_CHECKED_NATIVE_VALIDATION_PENDING,BLOCKED_BY_ENVIRONMENT,Step 4B create new password screen created with password rules and match validation.
04-password-changed-success-fr,309:643,password-changed-success,mayush-mobile/src/screens/auth/PasswordChangedSuccessScreen.tsx,PASS,Auth Password State,Local State,PASS,CAPTURED_393x852,PENDING,PENDING,PENDING,PASS,FRONTEND_COMPLETE_WEB_CHECKED,IMPLEMENTED_WEB_CHECKED_NATIVE_VALIDATION_PENDING,BLOCKED_BY_ENVIRONMENT,Step 4B password changed success screen created.
08-account-dashboard-profile-menu-fr,309:747,account,mayush-mobile/src/screens/commerce/AccountScreen.tsx,PASS,Account Dashboard State,Local State,PASS,CAPTURED_393x852,PENDING,PENDING,PENDING,PASS,FRONTEND_COMPLETE_WEB_CHECKED,IMPLEMENTED_WEB_CHECKED_NATIVE_VALIDATION_PENDING,BLOCKED_BY_ENVIRONMENT,Step 5A authenticated account profile dashboard created with guest and authenticated states.
08-account-settings-menu-photo-fr,309:748,account-settings,mayush-mobile/src/screens/account/AccountSettingsScreen.tsx,PASS,Account Settings State,Local State,PASS,CAPTURED_393x852,PENDING,PENDING,PENDING,PASS,FRONTEND_COMPLETE_WEB_CHECKED,IMPLEMENTED_WEB_CHECKED_NATIVE_VALIDATION_PENDING,BLOCKED_BY_ENVIRONMENT,Step 5A account settings menu created with profile picture area.
08-my-information-personal-details-fr,309:749,my-information,mayush-mobile/src/screens/account/MyInformationScreen.tsx,PASS,Account Info State,Local State,PASS,CAPTURED_393x852,PENDING,PENDING,PENDING,PASS,FRONTEND_COMPLETE_WEB_CHECKED,IMPLEMENTED_WEB_CHECKED_NATIVE_VALIDATION_PENDING,BLOCKED_BY_ENVIRONMENT,Step 5A my information personal details view created with edit actions.
08-edit-profile-form-fr,309:750,edit-profile,mayush-mobile/src/screens/account/EditProfileScreen.tsx,PASS,Profile Edit State,Local State,PASS,CAPTURED_393x852,PENDING,PENDING,PENDING,PASS,FRONTEND_COMPLETE_WEB_CHECKED,IMPLEMENTED_WEB_CHECKED_NATIVE_VALIDATION_PENDING,BLOCKED_BY_ENVIRONMENT,Step 5A edit profile form created with +212 phone validation and local save.
08-complete-profile-progress-60-fr,309:751,my-information,mayush-mobile/src/screens/commerce/AccountScreen.tsx,PASS,Profile Progress Banner,Local State,PASS,CAPTURED_393x852,PENDING,PENDING,PENDING,PASS,FRONTEND_COMPLETE_WEB_CHECKED,IMPLEMENTED_WEB_CHECKED_NATIVE_VALIDATION_PENDING,BLOCKED_BY_ENVIRONMENT,Step 5A complete profile 60% progress banner integrated into AccountScreen dashboard.
08-change-email-form-fr,309:752,change-email,mayush-mobile/src/screens/account/ChangeEmailScreen.tsx,PASS,Email Change State,Local State,PASS,CAPTURED_393x852,PENDING,PENDING,PENDING,PASS,FRONTEND_COMPLETE_WEB_CHECKED,IMPLEMENTED_WEB_CHECKED_NATIVE_VALIDATION_PENDING,BLOCKED_BY_ENVIRONMENT,Step 5A change email form created with validation and state update.
08-change-password-form-fr,309:753,change-password,mayush-mobile/src/screens/account/ChangePasswordFormScreen.tsx,PASS,Password Change State,Local State,PASS,CAPTURED_393x852,PENDING,PENDING,PENDING,PASS,FRONTEND_COMPLETE_WEB_CHECKED,IMPLEMENTED_WEB_CHECKED_NATIVE_VALIDATION_PENDING,BLOCKED_BY_ENVIRONMENT,Step 5A change password form created with password strength & match rules.
08-change-phone-number-fr,309:754,change-phone,mayush-mobile/src/screens/account/ChangePhoneScreen.tsx,PASS,Phone Change State,Local State,PASS,CAPTURED_393x852,PENDING,PENDING,PENDING,PASS,FRONTEND_COMPLETE_WEB_CHECKED,IMPLEMENTED_WEB_CHECKED_NATIVE_VALIDATION_PENDING,BLOCKED_BY_ENVIRONMENT,Step 5A change phone number form created with +212 Moroccan format validation.
08-verify-phone-otp-code-fr,309:755,account-verify-phone,mayush-mobile/src/screens/account/AccountVerifyPhoneOtpScreen.tsx,PASS,Phone OTP Verification,Local State,PASS,CAPTURED_393x852,PENDING,PENDING,PENDING,PASS,FRONTEND_COMPLETE_WEB_CHECKED,IMPLEMENTED_WEB_CHECKED_NATIVE_VALIDATION_PENDING,BLOCKED_BY_ENVIRONMENT,Step 5A account phone verification 6-digit OTP screen created with auto-advance.
08-password-changed-success-fr,309:756,password-changed-success,mayush-mobile/src/screens/auth/PasswordChangedSuccessScreen.tsx,PASS,Account Password Success,Local State,PASS,CAPTURED_393x852,PENDING,PENDING,PENDING,PASS,FRONTEND_COMPLETE_WEB_CHECKED,IMPLEMENTED_WEB_CHECKED_NATIVE_VALIDATION_PENDING,BLOCKED_BY_ENVIRONMENT,Step 5A account password changed success screen wired.
08-account-security-overview-fr,309:757,account-security,mayush-mobile/src/screens/account/AccountSecurityScreen.tsx,PASS,Account Security State,Local State,PASS,CAPTURED_393x852,PENDING,PENDING,PENDING,PASS,FRONTEND_COMPLETE_WEB_CHECKED,IMPLEMENTED_WEB_CHECKED_NATIVE_VALIDATION_PENDING,BLOCKED_BY_ENVIRONMENT,Step 5B.1 account security overview screen created with 2FA & sessions cards.
08-security-privacy-full-menu-fr,309:758,security-privacy,mayush-mobile/src/screens/account/SecurityPrivacyMenuScreen.tsx,PASS,Security Privacy Menu,Local State,PASS,CAPTURED_393x852,PENDING,PENDING,PENDING,PASS,FRONTEND_COMPLETE_WEB_CHECKED,IMPLEMENTED_WEB_CHECKED_NATIVE_VALIDATION_PENDING,BLOCKED_BY_ENVIRONMENT,Step 5B.1 security and privacy menu created with navigation options.
08-security-privacy-with-2fa-fr,309:759,security-2fa,mayush-mobile/src/screens/account/TwoFactorAuthScreen.tsx,PASS,2FA State,Local State,PASS,CAPTURED_393x852,PENDING,PENDING,PENDING,PASS,FRONTEND_COMPLETE_WEB_CHECKED,IMPLEMENTED_WEB_CHECKED_NATIVE_VALIDATION_PENDING,BLOCKED_BY_ENVIRONMENT,Step 5B.1 2FA configuration screen created with toggle switch.
08-active-sessions-devices-v2-fr,309:760,active-sessions,mayush-mobile/src/screens/account/ActiveSessionsScreen.tsx,PASS,Active Sessions State,Local State,PASS,CAPTURED_393x852,PENDING,PENDING,PENDING,PASS,FRONTEND_COMPLETE_WEB_CHECKED,IMPLEMENTED_WEB_CHECKED_NATIVE_VALIDATION_PENDING,BLOCKED_BY_ENVIRONMENT,Step 5B.1 active sessions list screen created with current device badge.
08-disconnect-device-confirmation-v2-fr,309:761,disconnect-session,mayush-mobile/src/screens/account/DisconnectSessionModal.tsx,PASS,Disconnect Session State,Local State,PASS,CAPTURED_393x852,PENDING,PENDING,PENDING,PASS,FRONTEND_COMPLETE_WEB_CHECKED,IMPLEMENTED_WEB_CHECKED_NATIVE_VALIDATION_PENDING,BLOCKED_BY_ENVIRONMENT,Step 5B.1 disconnect device modal confirmation dialog created.
08-saved-addresses-list-fr,309:762,my-addresses,mayush-mobile/src/screens/account/MyAddressesListScreen.tsx,PASS,Account Addresses State,Local State,PASS,CAPTURED_393x852,PENDING,PENDING,PENDING,PASS,FRONTEND_COMPLETE_WEB_CHECKED,IMPLEMENTED_WEB_CHECKED_NATIVE_VALIDATION_PENDING,BLOCKED_BY_ENVIRONMENT,Step 5B.2 address list screen with labels and default selection.
08-saved-addresses-v2-fr,309:763,my-addresses-v2,mayush-mobile/src/screens/account/MyAddressesListV2Screen.tsx,PASS,Account Addresses State,Local State,PASS,CAPTURED_393x852,PENDING,PENDING,PENDING,PASS,FRONTEND_COMPLETE_WEB_CHECKED,IMPLEMENTED_WEB_CHECKED_NATIVE_VALIDATION_PENDING,BLOCKED_BY_ENVIRONMENT,Step 5B.2 address list v2 screen with radio selection.
08-add-address-form-v2-fr,309:764,account-add-address,mayush-mobile/src/screens/account/AccountAddAddressV2Screen.tsx,PASS,Account Addresses State,Local State,PASS,CAPTURED_393x852,PENDING,PENDING,PENDING,PASS,FRONTEND_COMPLETE_WEB_CHECKED,IMPLEMENTED_WEB_CHECKED_NATIVE_VALIDATION_PENDING,BLOCKED_BY_ENVIRONMENT,Step 5B.2 add address v2 form reusing checkout validation.
08-add-address-simple-fr,309:765,account-add-address-simple,mayush-mobile/src/screens/account/AccountAddAddressSimpleScreen.tsx,PASS,Account Addresses State,Local State,PASS,CAPTURED_393x852,PENDING,PENDING,PENDING,PASS,FRONTEND_COMPLETE_WEB_CHECKED,IMPLEMENTED_WEB_CHECKED_NATIVE_VALIDATION_PENDING,BLOCKED_BY_ENVIRONMENT,Step 5B.2 simple add address form.
08-edit-address-form-fr,309:766,account-edit-address,mayush-mobile/src/screens/account/AccountEditAddressScreen.tsx,PASS,Account Addresses State,Local State,PASS,CAPTURED_393x852,PENDING,PENDING,PENDING,PASS,FRONTEND_COMPLETE_WEB_CHECKED,IMPLEMENTED_WEB_CHECKED_NATIVE_VALIDATION_PENDING,BLOCKED_BY_ENVIRONMENT,Step 5B.2 edit address form with save update.
08-delete-address-confirmation-fr,309:767,delete-address,mayush-mobile/src/screens/account/DeleteAddressModal.tsx,PASS,Account Addresses State,Local State,PASS,CAPTURED_393x852,PENDING,PENDING,PENDING,PASS,FRONTEND_COMPLETE_WEB_CHECKED,IMPLEMENTED_WEB_CHECKED_NATIVE_VALIDATION_PENDING,BLOCKED_BY_ENVIRONMENT,Step 5B.2 delete address confirmation modal.
08-payment-methods-card-cod-wallet-fr,309:768,payment-methods,mayush-mobile/src/screens/account/PaymentMethodsScreen.tsx,PASS,Account Preferences State,Local State,PASS,CAPTURED_393x852,PENDING,PENDING,PENDING,PASS,FRONTEND_COMPLETE_WEB_CHECKED,IMPLEMENTED_WEB_CHECKED_NATIVE_VALIDATION_PENDING,BLOCKED_BY_ENVIRONMENT,Step 5C payment methods screen with Visa/COD/Wallet fixtures.
08-language-region-preferences-fr,309:769,language-region,mayush-mobile/src/screens/account/LanguageRegionPreferencesScreen.tsx,PASS,Account Preferences State,Local State,PASS,CAPTURED_393x852,PENDING,PENDING,PENDING,PASS,FRONTEND_COMPLETE_WEB_CHECKED,IMPLEMENTED_WEB_CHECKED_NATIVE_VALIDATION_PENDING,BLOCKED_BY_ENVIRONMENT,Step 5C language and region preferences screen.
08-language-selection-3-languages-fr,309:770,language-selection,mayush-mobile/src/screens/account/LanguageSelectionAccountScreen.tsx,PASS,Account Preferences State,Local State,PASS,CAPTURED_393x852,PENDING,PENDING,PENDING,PASS,FRONTEND_COMPLETE_WEB_CHECKED,IMPLEMENTED_WEB_CHECKED_NATIVE_VALIDATION_PENDING,BLOCKED_BY_ENVIRONMENT,Step 5C 3-language selection screen (Français/العربية/English).
08-logout-confirmation-dialog-fr,309:771,logout-confirmation,mayush-mobile/src/screens/account/LogoutConfirmationModal.tsx,PASS,Account Auth State,Local State,PASS,CAPTURED_393x852,PENDING,PENDING,PENDING,PASS,FRONTEND_COMPLETE_WEB_CHECKED,IMPLEMENTED_WEB_CHECKED_NATIVE_VALIDATION_PENDING,BLOCKED_BY_ENVIRONMENT,Step 5C logout confirmation modal with confirm/cancel.
08-marketing-preferences-cart-reminders-fr,309:772,marketing-cart-reminders,mayush-mobile/src/screens/account/MarketingCartRemindersScreen.tsx,PASS,Notification Preferences State,Local State,PASS,CAPTURED_393x852,PENDING,PENDING,PENDING,PASS,FRONTEND_COMPLETE_WEB_CHECKED,IMPLEMENTED_WEB_CHECKED_NATIVE_VALIDATION_PENDING,BLOCKED_BY_ENVIRONMENT,Step 5D.1 marketing cart reminders preferences.
08-marketing-preferences-detailed-fr,309:773,marketing-detailed-preferences,mayush-mobile/src/screens/account/MarketingDetailedPreferencesScreen.tsx,PASS,Notification Preferences State,Local State,PASS,CAPTURED_393x852,PENDING,PENDING,PENDING,PASS,FRONTEND_COMPLETE_WEB_CHECKED,IMPLEMENTED_WEB_CHECKED_NATIVE_VALIDATION_PENDING,BLOCKED_BY_ENVIRONMENT,Step 5D.1 marketing detailed preferences.
08-marketing-preferences-toggles-fr,309:774,marketing-toggles,mayush-mobile/src/screens/account/MarketingTogglesScreen.tsx,PASS,Notification Preferences State,Local State,PASS,CAPTURED_393x852,PENDING,PENDING,PENDING,PASS,FRONTEND_COMPLETE_WEB_CHECKED,IMPLEMENTED_WEB_CHECKED_NATIVE_VALIDATION_PENDING,BLOCKED_BY_ENVIRONMENT,Step 5D.1 marketing toggles (email/SMS/push).
08-notification-management-channels-fr,309:775,notification-channels,mayush-mobile/src/screens/account/NotificationChannelsScreen.tsx,PASS,Notification Preferences State,Local State,PASS,CAPTURED_393x852,PENDING,PENDING,PENDING,PASS,FRONTEND_COMPLETE_WEB_CHECKED,IMPLEMENTED_WEB_CHECKED_NATIVE_VALIDATION_PENDING,BLOCKED_BY_ENVIRONMENT,Step 5D.1 notification management channels.
08-notification-settings-toggles-fr,309:776,notification-settings-toggles,mayush-mobile/src/screens/account/NotificationSettingsTogglesScreen.tsx,PASS,Notification Preferences State,Local State,PASS,CAPTURED_393x852,PENDING,PENDING,PENDING,PASS,FRONTEND_COMPLETE_WEB_CHECKED,IMPLEMENTED_WEB_CHECKED_NATIVE_VALIDATION_PENDING,BLOCKED_BY_ENVIRONMENT,Step 5D.1 notification per-category settings.
08-notification-detail-order-preparation-fr,309:777,notification-detail-prep,mayush-mobile/src/screens/account/NotificationDetailPrepScreen.tsx,PASS,Notification Fixtures State,Local State,PASS,CAPTURED_393x852,PENDING,PENDING,PENDING,PASS,FRONTEND_COMPLETE_WEB_CHECKED,IMPLEMENTED_WEB_CHECKED_NATIVE_VALIDATION_PENDING,BLOCKED_BY_ENVIRONMENT,Step 5D.2 notification detail for order preparation with Order CTA.
08-notification-detail-order-shipped-fr,309:778,notification-detail-shipped,mayush-mobile/src/screens/account/NotificationDetailShippedScreen.tsx,PASS,Notification Fixtures State,Local State,PASS,CAPTURED_393x852,PENDING,PENDING,PENDING,PASS,FRONTEND_COMPLETE_WEB_CHECKED,IMPLEMENTED_WEB_CHECKED_NATIVE_VALIDATION_PENDING,BLOCKED_BY_ENVIRONMENT,Step 5D.2 notification detail for shipped order with tracking CTA.
08-silent-hours-day-selection-fr,309:779,silent-hours-day-selection,mayush-mobile/src/screens/account/SilentHoursDaySelectionScreen.tsx,PASS,Quiet Hours State,Local State,PASS,CAPTURED_393x852,PENDING,PENDING,PENDING,PASS,FRONTEND_COMPLETE_WEB_CHECKED,IMPLEMENTED_WEB_CHECKED_NATIVE_VALIDATION_PENDING,BLOCKED_BY_ENVIRONMENT,Step 5D.2 silent hours day selection with weekday chips.
08-silent-hours-do-not-disturb-fr,309:780,silent-hours-dnd,mayush-mobile/src/screens/account/SilentHoursDoNotDisturbScreen.tsx,PASS,Quiet Hours State,Local State,PASS,CAPTURED_393x852,PENDING,PENDING,PENDING,PASS,FRONTEND_COMPLETE_WEB_CHECKED,IMPLEMENTED_WEB_CHECKED_NATIVE_VALIDATION_PENDING,BLOCKED_BY_ENVIRONMENT,Step 5D.2 do not disturb summary screen with DND toggle and schedule edit.
08-faq-accordion-questions-fr,309:781,faq,mayush-mobile/src/screens/support/FaqAccordionScreen.tsx,PASS,Support State,Local State,PASS,CAPTURED_393x852,PENDING,PENDING,PENDING,PASS,FRONTEND_COMPLETE_WEB_CHECKED,IMPLEMENTED_WEB_CHECKED_NATIVE_VALIDATION_PENDING,BLOCKED_BY_ENVIRONMENT,Step 6A FAQ accordion screen with search and category filtering.
08-faq-detail-expanded-answer-fr,309:782,faq-detail,mayush-mobile/src/screens/support/FaqDetailScreen.tsx,PASS,Support State,Local State,PASS,CAPTURED_393x852,PENDING,PENDING,PENDING,PASS,FRONTEND_COMPLETE_WEB_CHECKED,IMPLEMENTED_WEB_CHECKED_NATIVE_VALIDATION_PENDING,BLOCKED_BY_ENVIRONMENT,Step 6A FAQ detail screen with expanded answer and helpful feedback.
08-faq-tab-categories-fr,309:783,faq-categories,mayush-mobile/src/screens/support/FaqCategoriesScreen.tsx,PASS,Support State,Local State,PASS,CAPTURED_393x852,PENDING,PENDING,PENDING,PASS,FRONTEND_COMPLETE_WEB_CHECKED,IMPLEMENTED_WEB_CHECKED_NATIVE_VALIDATION_PENDING,BLOCKED_BY_ENVIRONMENT,Step 6A FAQ category tabs screen with filtering.
08-help-center-categories-fr,309:784,help-center,mayush-mobile/src/screens/support/HelpCenterCategoriesScreen.tsx,PASS,Support State,Local State,PASS,CAPTURED_393x852,PENDING,PENDING,PENDING,PASS,FRONTEND_COMPLETE_WEB_CHECKED,IMPLEMENTED_WEB_CHECKED_NATIVE_VALIDATION_PENDING,BLOCKED_BY_ENVIRONMENT,Step 6A Help Center categories landing screen with topic shortcuts.
08-help-center-with-recent-requests-fr,309:785,help-center-requests,mayush-mobile/src/screens/support/HelpCenterRequestsScreen.tsx,PASS,Support State,Local State,PASS,CAPTURED_393x852,PENDING,PENDING,PENDING,PASS,FRONTEND_COMPLETE_WEB_CHECKED,IMPLEMENTED_WEB_CHECKED_NATIVE_VALIDATION_PENDING,BLOCKED_BY_ENVIRONMENT,Step 6A Help Center recent support requests screen with status badges.
08-help-support-faq-categories-fr,309:786,help-support,mayush-mobile/src/screens/support/HelpSupportHubScreen.tsx,PASS,Support State,Local State,PASS,CAPTURED_393x852,PENDING,PENDING,PENDING,PASS,FRONTEND_COMPLETE_WEB_CHECKED,IMPLEMENTED_WEB_CHECKED_NATIVE_VALIDATION_PENDING,BLOCKED_BY_ENVIRONMENT,Step 6A Help & Support combined hub screen with contact channels.
08-account-guest-welcome-login-fr,309:787,account,mayush-mobile/src/screens/commerce/AccountScreen.tsx,PASS,Auth State,Local State,PASS,CAPTURED_393x852,PENDING,PENDING,PENDING,PASS,FRONTEND_COMPLETE_WEB_CHECKED,IMPLEMENTED_WEB_CHECKED_NATIVE_VALIDATION_PENDING,BLOCKED_BY_ENVIRONMENT,Step 6B Guest Account state handled natively in AccountScreen with artwork and CTAs.
09-settings-menu-full-list-fr,309:789,settings,mayush-mobile/src/screens/account/SettingsScreen.tsx,PASS,Account Preferences State,Local State,PASS,CAPTURED_393x852,PENDING,PENDING,PENDING,PASS,FRONTEND_COMPLETE_WEB_CHECKED,IMPLEMENTED_WEB_CHECKED_NATIVE_VALIDATION_PENDING,BLOCKED_BY_ENVIRONMENT,Step 6B App Settings Hub screen with sections and preferences routing.
09-about-app-version-info-fr,309:790,about-app,mayush-mobile/src/screens/account/AboutAppVersionScreen.tsx,PASS,App Settings State,Local State,PASS,CAPTURED_393x852,PENDING,PENDING,PENDING,PASS,FRONTEND_COMPLETE_WEB_CHECKED,IMPLEMENTED_WEB_CHECKED_NATIVE_VALIDATION_PENDING,BLOCKED_BY_ENVIRONMENT,Step 6C About App screen displaying version v1.0.0 and build metadata.
09-about-mayush-design-company-fr,309:791,about-mayush,mayush-mobile/src/screens/account/AboutMayushCompanyScreen.tsx,PASS,App Settings State,Local State,PASS,CAPTURED_393x852,PENDING,PENDING,PENDING,PASS,FRONTEND_COMPLETE_WEB_CHECKED,IMPLEMENTED_WEB_CHECKED_NATIVE_VALIDATION_PENDING,BLOCKED_BY_ENVIRONMENT,Step 6C About Mayush company presentation screen with values and website link.
09-accessibility-settings-text-contrast-fr,309:792,accessibility,mayush-mobile/src/screens/account/AccessibilitySettingsScreen.tsx,PASS,App Settings State,Local State,PASS,CAPTURED_393x852,PENDING,PENDING,PENDING,PASS,FRONTEND_COMPLETE_WEB_CHECKED,IMPLEMENTED_WEB_CHECKED_NATIVE_VALIDATION_PENDING,BLOCKED_BY_ENVIRONMENT,Step 6C Accessibility settings screen with text size and high contrast controls.
09-app-permissions-camera-photos-location-fr,309:793,app-permissions,mayush-mobile/src/screens/account/AppPermissionsScreen.tsx,PASS,App Settings State,Local State,PASS,CAPTURED_393x852,PENDING,PENDING,PENDING,PASS,FRONTEND_COMPLETE_WEB_CHECKED,IMPLEMENTED_WEB_CHECKED_NATIVE_VALIDATION_PENDING,BLOCKED_BY_ENVIRONMENT,Step 6C App Permissions management screen for camera, photos, and location.
09-data-usage-image-quality-wifi-cache-fr,309:794,data-usage,mayush-mobile/src/screens/account/DataUsageScreen.tsx,PASS,App Settings State,Local State,PASS,CAPTURED_393x852,PENDING,PENDING,PENDING,PASS,FRONTEND_COMPLETE_WEB_CHECKED,IMPLEMENTED_WEB_CHECKED_NATIVE_VALIDATION_PENDING,BLOCKED_BY_ENVIRONMENT,Step 6D Data Usage preferences screen for image quality and Wi-Fi downloading.
09-storage-cache-management-fr,309:795,storage-cache,mayush-mobile/src/screens/account/StorageCacheScreen.tsx,PASS,Cache State,Local State,PASS,CAPTURED_393x852,PENDING,PENDING,PENDING,PASS,FRONTEND_COMPLETE_WEB_CHECKED,IMPLEMENTED_WEB_CHECKED_NATIVE_VALIDATION_PENDING,BLOCKED_BY_ENVIRONMENT,Step 6D Storage and Cache management screen with breakdown metrics and clear CTA.
09-clear-cache-confirmation-dialog-fr,309:796,clear-cache-dialog,mayush-mobile/src/screens/account/ClearCacheConfirmationModal.tsx,PASS,Cache State,Local State,PASS,CAPTURED_393x852,PENDING,PENDING,PENDING,PASS,FRONTEND_COMPLETE_WEB_CHECKED,IMPLEMENTED_WEB_CHECKED_NATIVE_VALIDATION_PENDING,BLOCKED_BY_ENVIRONMENT,Step 6D Clear Cache confirmation modal protecting durable user state.
09-choose-language-french-arabic-fr,309:797,language-selection,mayush-mobile/src/screens/account/LanguageSelectionAccountScreen.tsx,PASS,Account Preferences State,Local State,PASS,CAPTURED_393x852,PENDING,PENDING,PENDING,PASS,FRONTEND_COMPLETE_WEB_CHECKED,IMPLEMENTED_WEB_CHECKED_NATIVE_VALIDATION_PENDING,BLOCKED_BY_ENVIRONMENT,Step 6E Language selection variant reusing single-source accountPreferencesState.
09-notification-settings-matrix-grid-fr,309:798,notification-settings-toggles,mayush-mobile/src/screens/account/NotificationSettingsTogglesScreen.tsx,PASS,Notification Preferences State,Local State,PASS,CAPTURED_393x852,PENDING,PENDING,PENDING,PASS,FRONTEND_COMPLETE_WEB_CHECKED,IMPLEMENTED_WEB_CHECKED_NATIVE_VALIDATION_PENDING,BLOCKED_BY_ENVIRONMENT,Step 6E Notification matrix grid reusing single-source notificationPreferencesState.
09-marketing-preferences-detailed-fr,309:799,marketing-detailed-preferences,mayush-mobile/src/screens/account/MarketingDetailedPreferencesScreen.tsx,PASS,Notification Preferences State,Local State,PASS,CAPTURED_393x852,PENDING,PENDING,PENDING,PASS,FRONTEND_COMPLETE_WEB_CHECKED,IMPLEMENTED_WEB_CHECKED_NATIVE_VALIDATION_PENDING,BLOCKED_BY_ENVIRONMENT,Step 6E Detailed marketing preferences reusing single-source notificationPreferencesState.
09-silent-hours-day-selection-fr,309:800,silent-hours-day-selection,mayush-mobile/src/screens/account/SilentHoursDaySelectionScreen.tsx,PASS,Notification Preferences State,Local State,PASS,CAPTURED_393x852,PENDING,PENDING,PENDING,PASS,FRONTEND_COMPLETE_WEB_CHECKED,IMPLEMENTED_WEB_CHECKED_NATIVE_VALIDATION_PENDING,BLOCKED_BY_ENVIRONMENT,Step 6E Quiet hours schedule selection reusing single-source notificationPreferencesState.
09-offline-mode-limited-functionality-fr,309:801,offline-mode,mayush-mobile/src/screens/account/OfflineModeScreen.tsx,PASS,App Settings State,Local State,PASS,CAPTURED_393x852,PENDING,PENDING,PENDING,PASS,FRONTEND_COMPLETE_WEB_CHECKED,IMPLEMENTED_WEB_CHECKED_NATIVE_VALIDATION_PENDING,BLOCKED_BY_ENVIRONMENT,Step 6E Offline Mode screen presenting available offline features and network limitations.
09-legal-center-terms-policies-fr,309:802,legal-center,mayush-mobile/src/screens/account/LegalCenterScreen.tsx,PASS,Legal Content,Local State,PASS,CAPTURED_393x852,PENDING,PENDING,PENDING,PASS,FRONTEND_COMPLETE_WEB_CHECKED,IMPLEMENTED_WEB_CHECKED_NATIVE_VALIDATION_PENDING,BLOCKED_BY_ENVIRONMENT,Step 6F Legal Center landing screen presenting terms of service, policies, and legal notices.
09-privacy-data-policies-delete-account-fr,309:803,privacy-data,mayush-mobile/src/screens/account/PrivacyDataManagementScreen.tsx,PASS,Auth State,Local State,PASS,CAPTURED_393x852,PENDING,PENDING,PENDING,PASS,FRONTEND_COMPLETE_WEB_CHECKED,IMPLEMENTED_WEB_CHECKED_NATIVE_VALIDATION_PENDING,BLOCKED_BY_ENVIRONMENT,Step 6F Privacy & Data management screen with Law 09-08 information, data export action, and account deletion warning UI.
09-privacy-policy-full-document-fr,309:804,privacy-policy,mayush-mobile/src/screens/account/PrivacyPolicyDocumentScreen.tsx,PASS,Legal Content,Local State,PASS,CAPTURED_393x852,PENDING,PENDING,PENDING,PASS,FRONTEND_COMPLETE_WEB_CHECKED,IMPLEMENTED_WEB_CHECKED_NATIVE_VALIDATION_PENDING,BLOCKED_BY_ENVIRONMENT,Step 6F Long-form Privacy Policy document screen presenting structured legal sections under Moroccan law.
09-help-center-home-categories-requests-fr,309:805,help-center-home,mayush-mobile/src/screens/support/HelpCenterHomeScreen.tsx,PASS,Support State,Local State,PASS,CAPTURED_393x852,PENDING,PENDING,PENDING,PASS,FRONTEND_COMPLETE_WEB_CHECKED,IMPLEMENTED_WEB_CHECKED_NATIVE_VALIDATION_PENDING,BLOCKED_BY_ENVIRONMENT,Step 7A Help Center home screen with search, 6 category grid items, recent support requests, FAQ shortcut, and operating hours banner.
09-help-category-orders-delivery-fr,309:806,help-category-orders-delivery,mayush-mobile/src/screens/support/HelpCategoryOrdersDeliveryScreen.tsx,PASS,Support State,Local State,PASS,CAPTURED_393x852,PENDING,PENDING,PENDING,PASS,FRONTEND_COMPLETE_WEB_CHECKED,IMPLEMENTED_WEB_CHECKED_NATIVE_VALIDATION_PENDING,BLOCKED_BY_ENVIRONMENT,Step 7A Orders & Delivery category screen with popular questions and linked orders actions.
09-help-center-search-results-fr,309:807,help-center-search-results,mayush-mobile/src/screens/support/HelpCenterSearchResultsScreen.tsx,PASS,Support State,Local State,PASS,CAPTURED_393x852,PENDING,PENDING,PENDING,PASS,FRONTEND_COMPLETE_WEB_CHECKED,IMPLEMENTED_WEB_CHECKED_NATIVE_VALIDATION_PENDING,BLOCKED_BY_ENVIRONMENT,Step 7A Help Center search results screen with real-time query matching, match counters, and no-results fallback.
09-faq-tab-categories-fr,309:808,faq-tab-categories,mayush-mobile/src/screens/support/FaqTabCategoriesScreen.tsx,PASS,Support State,Local State,PASS,CAPTURED_393x852,PENDING,PENDING,PENDING,PASS,FRONTEND_COMPLETE_WEB_CHECKED,IMPLEMENTED_WEB_CHECKED_NATIVE_VALIDATION_PENDING,BLOCKED_BY_ENVIRONMENT,Step 7A FAQ category tabs screen with filter chips, accordion items, and feedback prompt.
09-faq-article-track-order-steps-fr,309:809,faq-article-track-order-steps,mayush-mobile/src/screens/support/FaqArticleTrackOrderStepsScreen.tsx,PASS,Support State,Local State,PASS,CAPTURED_393x852,PENDING,PENDING,PENDING,PASS,FRONTEND_COMPLETE_WEB_CHECKED,IMPLEMENTED_WEB_CHECKED_NATIVE_VALIDATION_PENDING,BLOCKED_BY_ENVIRONMENT,Step 7A Track order FAQ article screen with 4 step instructions, related articles, and existing orders flow CTA.
09-my-support-tickets-list-fr,309:810,my-support-tickets-list,mayush-mobile/src/screens/support/MySupportTicketsListScreen.tsx,PASS,Support State,Local State,PASS,CAPTURED_393x852,PENDING,PENDING,PENDING,PASS,FRONTEND_COMPLETE_WEB_CHECKED,IMPLEMENTED_WEB_CHECKED_NATIVE_VALIDATION_PENDING,BLOCKED_BY_ENVIRONMENT,Step 7B Support tickets list screen with search, filter tabs, unread badges, and ticket cards.
09-no-support-requests-empty-state-fr,309:811,no-support-requests-empty-state,mayush-mobile/src/screens/support/NoSupportRequestsEmptyStateScreen.tsx,PASS,Support State,Local State,PASS,CAPTURED_393x852,PENDING,PENDING,PENDING,PASS,FRONTEND_COMPLETE_WEB_CHECKED,IMPLEMENTED_WEB_CHECKED_NATIVE_VALIDATION_PENDING,BLOCKED_BY_ENVIRONMENT,Step 7B Empty support requests screen with headset artwork, 3 feature cards, FAQ CTA, and contact support CTA.
09-contact-support-form-fr,309:812,contact-support-form,mayush-mobile/src/screens/support/ContactSupportFormScreen.tsx,PASS,Support State,Local State,PASS,CAPTURED_393x852,PENDING,PENDING,PENDING,PASS,FRONTEND_COMPLETE_WEB_CHECKED,IMPLEMENTED_WEB_CHECKED_NATIVE_VALIDATION_PENDING,BLOCKED_BY_ENVIRONMENT,Step 7B Contact support form screen with subject/category dropdowns, message text area, email input, channel chips, and attachments/order links.
09-attach-files-documents-fr,309:813,attach-files-documents,mayush-mobile/src/screens/support/AttachFilesDocumentsScreen.tsx,PASS,Support State,Local State,PASS,CAPTURED_393x852,PENDING,PENDING,PENDING,PASS,FRONTEND_COMPLETE_WEB_CHECKED,IMPLEMENTED_WEB_CHECKED_NATIVE_VALIDATION_PENDING,BLOCKED_BY_ENVIRONMENT,Step 7B Attachment management screen with 3 upload option cards, max 10 Mo file limit notice, and attached file list with removal action.
09-review-send-support-request-fr,309:814,review-send-support-request,mayush-mobile/src/screens/support/ReviewSendSupportRequestScreen.tsx,PASS,Support State,Local State,PASS,CAPTURED_393x852,PENDING,PENDING,PENDING,PASS,FRONTEND_COMPLETE_WEB_CHECKED,IMPLEMENTED_WEB_CHECKED_NATIVE_VALIDATION_PENDING,BLOCKED_BY_ENVIRONMENT,Step 7B Review support request screen with section summary cards, per-section edit buttons, and submission CTA.
09-select-order-for-support-fr,309:815,select-order-for-support,mayush-mobile/src/screens/support/SelectOrderForSupportScreen.tsx,PASS,Support State,Local State,PASS,CAPTURED_393x852,PENDING,PENDING,PENDING,PASS,FRONTEND_COMPLETE_WEB_CHECKED,IMPLEMENTED_WEB_CHECKED_NATIVE_VALIDATION_PENDING,BLOCKED_BY_ENVIRONMENT,Step 7B Order selection screen for support requests reusing buyer orders domain with order search and fallback CTA.
09-reply-to-support-message-fr,309:816,reply-to-support-message,mayush-mobile/src/screens/support/ReplyToSupportMessageScreen.tsx,PASS,Support State,Local State,PASS,CAPTURED_393x852,PENDING,PENDING,PENDING,PASS,FRONTEND_COMPLETE_WEB_CHECKED,IMPLEMENTED_WEB_CHECKED_NATIVE_VALIDATION_PENDING,BLOCKED_BY_ENVIRONMENT,Step 7B Reply to support message screen with ticket context summary card, message text area, attachment button, and reply submit CTA.
09-ticket-detail-conversation-thread-fr,309:817,ticket-detail-conversation-thread,mayush-mobile/src/screens/support/TicketDetailConversationThreadScreen.tsx,PASS,Support State,Local State,PASS,CAPTURED_393x852,PENDING,PENDING,PENDING,PASS,FRONTEND_COMPLETE_WEB_CHECKED,IMPLEMENTED_WEB_CHECKED_NATIVE_VALIDATION_PENDING,BLOCKED_BY_ENVIRONMENT,Step 7B Support ticket conversation detail screen with summary header, buyer and agent message thread, reply CTA, and close request button.
09-close-request-confirmation-fr,309:818,close-request-confirmation,mayush-mobile/src/screens/support/CloseRequestConfirmationScreen.tsx,PASS,Support State,Local State,PASS,CAPTURED_393x852,PENDING,PENDING,PENDING,PASS,FRONTEND_COMPLETE_WEB_CHECKED,IMPLEMENTED_WEB_CHECKED_NATIVE_VALIDATION_PENDING,BLOCKED_BY_ENVIRONMENT,Step 7B Close request confirmation modal with warning info card, keep open option, and confirm closure button.
09-support-request-sent-success-fr,309:819,support-request-sent-success,mayush-mobile/src/screens/support/SupportRequestSentSuccessScreen.tsx,PASS,Support State,Local State,PASS,CAPTURED_393x852,PENDING,PENDING,PENDING,PASS,FRONTEND_COMPLETE_WEB_CHECKED,IMPLEMENTED_WEB_CHECKED_NATIVE_VALIDATION_PENDING,BLOCKED_BY_ENVIRONMENT,Step 7B Support request sent success screen with green checkmark artwork, ticket summary card, view ticket CTA, and return to help center CTA.
09-ticket-resolved-rating-fr,309:820,ticket-resolved-rating,mayush-mobile/src/screens/support/TicketResolvedRatingScreen.tsx,PASS,Support State,Local State,PASS,CAPTURED_393x852,PENDING,PENDING,PENDING,PASS,FRONTEND_COMPLETE_WEB_CHECKED,IMPLEMENTED_WEB_CHECKED_NATIVE_VALIDATION_PENDING,BLOCKED_BY_ENVIRONMENT,Step 7C Ticket resolved rating screen with rating stars, feedback form, agent response card, and related FAQ links.
09-support-connection-error-fr,309:821,support-connection-error,mayush-mobile/src/screens/support/SupportConnectionErrorScreen.tsx,PASS,System State,Local State,PASS,CAPTURED_393x852,PENDING,PENDING,PENDING,PASS,FRONTEND_COMPLETE_WEB_CHECKED,IMPLEMENTED_WEB_CHECKED_NATIVE_VALIDATION_PENDING,BLOCKED_BY_ENVIRONMENT,Step 7C Support network connection error screen with disconnected artwork, error copy, retry CTA, and contact email footer.
09-support-temporarily-unavailable-fr,309:822,support-temporarily-unavailable,mayush-mobile/src/screens/support/SupportTemporarilyUnavailableScreen.tsx,PASS,System State,Local State,PASS,CAPTURED_393x852,PENDING,PENDING,PENDING,PASS,FRONTEND_COMPLETE_WEB_CHECKED,IMPLEMENTED_WEB_CHECKED_NATIVE_VALIDATION_PENDING,BLOCKED_BY_ENVIRONMENT,Step 7C Support temporarily unavailable screen with headset artwork, technical problem copy, retry CTA, and FAQ link.
09-maintenance-mode-services-impacted-fr,309:823,maintenance-mode-services-impacted,mayush-mobile/src/screens/support/MaintenanceModeServicesImpactedScreen.tsx,PASS,System State,Local State,PASS,CAPTURED_393x852,PENDING,PENDING,PENDING,PASS,FRONTEND_COMPLETE_WEB_CHECKED,IMPLEMENTED_WEB_CHECKED_NATIVE_VALIDATION_PENDING,BLOCKED_BY_ENVIRONMENT,Step 7C System maintenance mode screen with tool artwork, maintenance explanation, impacted services list, retry CTA, and last checked timestamp.
09-app-update-available-fr,309:824,app-update-available,mayush-mobile/src/screens/support/AppUpdateAvailableScreen.tsx,PASS,System State,Local State,PASS,CAPTURED_393x852,PENDING,PENDING,PENDING,PASS,FRONTEND_COMPLETE_WEB_CHECKED,IMPLEMENTED_WEB_CHECKED_NATIVE_VALIDATION_PENDING,BLOCKED_BY_ENVIRONMENT,Step 7C Optional app update screen with sync artwork, current version 1.0.0, target version 1.3.0, release notes, update CTA, skip action, and legal terms agreement.
09-forced-update-required-fr,309:825,forced-update-required,mayush-mobile/src/screens/support/ForcedUpdateRequiredScreen.tsx,PASS,System State,Local State,PASS,CAPTURED_393x852,PENDING,PENDING,PENDING,PASS,FRONTEND_COMPLETE_WEB_CHECKED,IMPLEMENTED_WEB_CHECKED_NATIVE_VALIDATION_PENDING,BLOCKED_BY_ENVIRONMENT,Step 7D Mandatory forced update screen with shield artwork, current vs target version comparison, security patch list, and single update CTA.
09-settings-error-loading-state-fr,309:826,settings-error-loading-state,mayush-mobile/src/screens/support/SettingsErrorLoadingStateScreen.tsx,PASS,System State,Local State,PASS,CAPTURED_393x852,PENDING,PENDING,PENDING,PASS,FRONTEND_COMPLETE_WEB_CHECKED,IMPLEMENTED_WEB_CHECKED_NATIVE_VALIDATION_PENDING,BLOCKED_BY_ENVIRONMENT,Step 7D Settings loading error screen with gear/warning artwork, technical issue explanation, retry CTA, home shortcut, and data preservation card.
09-settings-skeleton-loading-state,309:827,settings-skeleton-loading-state,mayush-mobile/src/screens/support/SettingsSkeletonLoadingStateScreen.tsx,PASS,System State,Local State,PASS,CAPTURED_393x852,PENDING,PENDING,PENDING,PASS,FRONTEND_COMPLETE_WEB_CHECKED,IMPLEMENTED_WEB_CHECKED_NATIVE_VALIDATION_PENDING,BLOCKED_BY_ENVIRONMENT,Step 7D Settings skeleton loading screen matching SettingsScreen layout structure with header, profile card, section header, and menu item row pulse placeholders.
07-order-detail-in-preparation-timeline-fr,309:716,order-detail-preparing,mayush-mobile/src/screens/orders/OrderDetailsScreen.tsx,PASS,BuyerOrderRepository,AsyncStorage,PASS,CAPTURED_393x852,PENDING,PENDING,NOT_RUN,PASS,FRONTEND_COMPLETE_WEB_CHECKED,IMPLEMENTED_WEB_CHECKED_NATIVE_VALIDATION_PENDING,BLOCKED_BY_ENVIRONMENT,Step 8B shared canonical detail variant using selectedOrderId and deterministic preparation events.
07-order-detail-shipped-tracking-fr,309:717,order-detail-shipped,mayush-mobile/src/screens/orders/OrderDetailsScreen.tsx,PASS,BuyerOrderRepository,AsyncStorage,PASS,CAPTURED_393x852,PENDING,PENDING,NOT_RUN,PASS,FRONTEND_COMPLETE_WEB_CHECKED,IMPLEMENTED_WEB_CHECKED_NATIVE_VALIDATION_PENDING,BLOCKED_BY_ENVIRONMENT,Step 8B shared shipped detail variant with frontend fixture carrier tracking and ETA metadata.
07-order-tracking-timeline-realtime-fr,309:718,order-tracking,mayush-mobile/src/screens/orders/OrderTrackingScreen.tsx,PASS,BuyerOrderRepository,AsyncStorage,PASS,CAPTURED_393x852,PENDING,PENDING,NOT_RUN,PASS,FRONTEND_COMPLETE_WEB_CHECKED,IMPLEMENTED_WEB_CHECKED_NATIVE_VALIDATION_PENDING,BLOCKED_BY_ENVIRONMENT,Step 8B deterministic frontend tracking timeline; no polling sockets push handling or carrier API.
07-order-detail-delivered-actions-fr,309:719,order-detail-delivered,mayush-mobile/src/screens/orders/OrderDetailsScreen.tsx,PASS,BuyerOrderRepository,AsyncStorage,PASS,CAPTURED_393x852,PENDING,PENDING,NOT_RUN,PASS,FRONTEND_COMPLETE_WEB_CHECKED,IMPLEMENTED_WEB_CHECKED_NATIVE_VALIDATION_PENDING,BLOCKED_BY_ENVIRONMENT,Step 8B shared delivered detail variant; Step 8C review and reorder actions are wired while return remains deferred.
07-order-detail-multi-vendor-packages-fr,309:720,order-detail-multi-vendor,mayush-mobile/src/screens/orders/OrderDetailsScreen.tsx,PASS,BuyerOrderRepository,AsyncStorage,PASS,CAPTURED_393x852,PENDING,PENDING,NOT_RUN,PASS,FRONTEND_COMPLETE_WEB_CHECKED,IMPLEMENTED_WEB_CHECKED_NATIVE_VALIDATION_PENDING,BLOCKED_BY_ENVIRONMENT,Step 8B buyer-facing seller grouping only; no seller or admin identity functionality.
07-multiple-packages-split-shipment-fr,309:721,order-packages,mayush-mobile/src/screens/orders/OrderPackagesScreen.tsx,PASS,BuyerOrderRepository,Transient selectedPackageId,PASS,CAPTURED_393x852,PENDING,PENDING,NOT_RUN,PASS,FRONTEND_COMPLETE_WEB_CHECKED,IMPLEMENTED_WEB_CHECKED_NATIVE_VALIDATION_PENDING,BLOCKED_BY_ENVIRONMENT,Step 8B one order to multiple coherent packages with validated line references.
07-package-detail-items-shipping-info-fr,309:722,order-package-detail,mayush-mobile/src/screens/orders/OrderPackageDetailsScreen.tsx,PASS,BuyerOrderRepository,Transient selectedPackageId,PASS,CAPTURED_393x852,PENDING,PENDING,NOT_RUN,PASS,FRONTEND_COMPLETE_WEB_CHECKED,IMPLEMENTED_WEB_CHECKED_NATIVE_VALIDATION_PENDING,BLOCKED_BY_ENVIRONMENT,Step 8B safe selected package resolution preserving selectedOrderId on back navigation.
07-invoice-detail-download-share-fr,309:723,order-invoice,mayush-mobile/src/screens/orders/OrderInvoiceScreen.tsx,PASS,BuyerOrderRepository,Order snapshot,PASS,CAPTURED_393x852,PENDING,PENDING,NOT_RUN,PASS,FRONTEND_COMPLETE_WEB_CHECKED,IMPLEMENTED_WEB_CHECKED_NATIVE_VALIDATION_PENDING,BLOCKED_BY_ENVIRONMENT,Step 8B frontend invoice preview with truthful non-integrated PDF download and share boundary.
07-cancel-order-confirmation-dialog-fr,309:724,order-cancel-confirmation,mayush-mobile/src/screens/orders/OrderCancellationScreens.tsx,PASS,BuyerOrderActionRepository,Transient cancellation draft,PASS,CAPTURED_393x852,PENDING,PENDING,NOT_RUN,PASS,FRONTEND_COMPLETE_WEB_CHECKED,IMPLEMENTED_WEB_CHECKED_NATIVE_VALIDATION_PENDING,BLOCKED_BY_ENVIRONMENT,Step 8C eligible selected-order confirmation that does not mutate BuyerOrder on open.
07-cancel-order-reason-form-fr,309:725,order-cancel-reason,mayush-mobile/src/screens/orders/OrderCancellationScreens.tsx,PASS,BuyerOrderActionRepository,Transient reason draft by orderId,PASS,CAPTURED_393x852,PENDING,PENDING,NOT_RUN,PASS,FRONTEND_COMPLETE_WEB_CHECKED,IMPLEMENTED_WEB_CHECKED_NATIVE_VALIDATION_PENDING,BLOCKED_BY_ENVIRONMENT,Step 8C stable reason keys optional 250-character message and required-reason validation.
07-cancellation-request-registered-fr,309:726,order-cancel-registered,mayush-mobile/src/screens/orders/OrderCancellationScreens.tsx,PASS,BuyerOrderActionRepository,AsyncStorage action record,PASS,CAPTURED_393x852,PENDING,PENDING,NOT_RUN,PASS,FRONTEND_COMPLETE_WEB_CHECKED,IMPLEMENTED_WEB_CHECKED_NATIVE_VALIDATION_PENDING,BLOCKED_BY_ENVIRONMENT,Step 8C truthful frontend-requested status without fabricated backend acceptance cancellation or refund.
07-order-cannot-be-cancelled-fr,309:727,order-cannot-cancel,mayush-mobile/src/screens/orders/OrderCancellationScreens.tsx,PASS,BuyerOrderRepository,Derived eligibility rule,PASS,CAPTURED_393x852,PENDING,PENDING,NOT_RUN,PASS,FRONTEND_COMPLETE_WEB_CHECKED,IMPLEMENTED_WEB_CHECKED_NATIVE_VALIDATION_PENDING,BLOCKED_BY_ENVIRONMENT,Step 8C ineligible state derives from canCancelOrder and support reuses selected orderId.
07-rate-order-review-products-fr,309:728,order-product-review,mayush-mobile/src/screens/orders/OrderProductReviewScreen.tsx,PASS,BuyerOrderActionRepository,AsyncStorage review records,PASS,CAPTURED_393x852,PENDING,PENDING,NOT_RUN,PASS,FRONTEND_COMPLETE_WEB_CHECKED,IMPLEMENTED_WEB_CHECKED_NATIVE_VALIDATION_PENDING,BLOCKED_BY_ENVIRONMENT,Step 8C delivered-order per-line ratings kept independent from support-ticket satisfaction rating.
07-reorder-articles-changed-unavailable-fr,309:729,order-reorder-changes,mayush-mobile/src/screens/orders/OrderReorderScreens.tsx,PASS,BuyerOrderActionRepository,Transient reorder plan,PASS,CAPTURED_393x852,PENDING,PENDING,NOT_RUN,PASS,FRONTEND_COMPLETE_WEB_CHECKED,IMPLEMENTED_WEB_CHECKED_NATIVE_VALIDATION_PENDING,BLOCKED_BY_ENVIRONMENT,Step 8C deterministic available changed and unavailable comparison without mutating historical order snapshots.
07-reorder-items-added-to-cart-fr,309:730,order-reorder-added,mayush-mobile/src/screens/orders/OrderReorderScreens.tsx,PASS,Existing CartState,AsyncStorage cart,PASS,CAPTURED_393x852,PENDING,PENDING,NOT_RUN,PASS,FRONTEND_COMPLETE_WEB_CHECKED,IMPLEMENTED_WEB_CHECKED_NATIVE_VALIDATION_PENDING,BLOCKED_BY_ENVIRONMENT,Step 8C selected current items use the normal cart mutation and accurate added ignored totals.
07-reorder-with-availability-changes-fr,309:731,order-reorder-availability,mayush-mobile/src/screens/orders/OrderReorderScreens.tsx,PASS,BuyerOrderActionRepository,Transient reorder selection,PASS,CAPTURED_393x852,PENDING,PENDING,NOT_RUN,PASS,FRONTEND_COMPLETE_WEB_CHECKED,IMPLEMENTED_WEB_CHECKED_NATIVE_VALIDATION_PENDING,BLOCKED_BY_ENVIRONMENT,Step 8C alternate current-availability selection state; production does not force navigation into returns.
07-request-return-item-selection-fr,309:732,order-return-selection,mayush-mobile/src/screens/orders/OrderReturnScreens.tsx,PASS,BuyerOrderRepository + BuyerOrderActionRepository,Transient return draft,PASS,CAPTURED_393x852,PENDING,PENDING,NOT_RUN,PASS,FRONTEND_COMPLETE_WEB_CHECKED,IMPLEMENTED_WEB_CHECKED_NATIVE_VALIDATION_PENDING,BLOCKED_BY_ENVIRONMENT,Eligible delivered lines only; selection and partial quantity do not mutate the historical order.
07-return-detail-items-refund-status-fr,309:733,order-return-detail,mayush-mobile/src/screens/orders/OrderReturnScreens.tsx,PASS,BuyerOrderActionRepository,Scoped AsyncStorage action records,PASS,CAPTURED_393x852,PENDING,PENDING,NOT_RUN,PASS,FRONTEND_COMPLETE_WEB_CHECKED,IMPLEMENTED_WEB_CHECKED_NATIVE_VALIDATION_PENDING,BLOCKED_BY_ENVIRONMENT,Frontend-local return record with selected line references and estimated refund amount.
07-return-tracking-timeline-fr,309:734,order-return-tracking,mayush-mobile/src/screens/orders/OrderReturnScreens.tsx,PASS,BuyerOrderActionRepository,Scoped AsyncStorage action records,PASS,CAPTURED_393x852,PENDING,PENDING,NOT_RUN,PASS,FRONTEND_COMPLETE_WEB_CHECKED,IMPLEMENTED_WEB_CHECKED_NATIVE_VALIDATION_PENDING,BLOCKED_BY_ENVIRONMENT,Deterministic returnRequestId-owned timeline; opening does not advance status.
07-request-refund-cancelled-order-fr,309:735,order-refund-request,mayush-mobile/src/screens/orders/OrderRefundScreens.tsx,PASS,BuyerOrderRepository + BuyerOrderActionRepository,Scoped AsyncStorage action records,PASS,CAPTURED_393x852,PENDING,PENDING,NOT_RUN,PASS,FRONTEND_COMPLETE_WEB_CHECKED,IMPLEMENTED_WEB_CHECKED_NATIVE_VALIDATION_PENDING,BLOCKED_BY_ENVIRONMENT,Cancelled paid order fixture; amount derived from immutable BuyerOrder total.
07-refund-completed-success-fr,309:736,order-refund-completed,mayush-mobile/src/screens/orders/OrderRefundScreens.tsx,PASS,BuyerOrderActionRepository,Scoped AsyncStorage action records,PASS,CAPTURED_393x852,PENDING,PENDING,NOT_RUN,PASS,FRONTEND_COMPLETE_WEB_CHECKED,IMPLEMENTED_WEB_CHECKED_NATIVE_VALIDATION_PENDING,BLOCKED_BY_ENVIRONMENT,Rendered only after explicit local refund completion; no real bank settlement claim.
07-delivery-delayed-notification-fr,309:737,delivery-delayed,mayush-mobile/src/screens/orders/OrderDeliveryIssueScreens.tsx,PASS,BuyerOrderRepository + BuyerOrderActionRepository,Scoped delivery issue record,PASS,CAPTURED_393x852,PENDING,PENDING,NOT_RUN,PASS,FRONTEND_COMPLETE_WEB_CHECKED,IMPLEMENTED_WEB_CHECKED_NATIVE_VALIDATION_PENDING,BLOCKED_BY_ENVIRONMENT,Selected orderId issue fixture with truthful carrier-integration boundary and no order mutation.
07-delivery-failed-reschedule-fr,309:738,delivery-failed,mayush-mobile/src/screens/orders/OrderDeliveryIssueScreens.tsx,PASS,BuyerOrderActionRepository,Scoped AsyncStorage reschedule record,PASS,CAPTURED_393x852,PENDING,PENDING,NOT_RUN,PASS,FRONTEND_COMPLETE_WEB_CHECKED,IMPLEMENTED_WEB_CHECKED_NATIVE_VALIDATION_PENDING,BLOCKED_BY_ENVIRONMENT,Explicit frontend-requested reschedule with orderId and optional packageId ownership validation.
07-support-order-contact-form-fr,309:739,order-support-contact,mayush-mobile/src/screens/support/ContactSupportFormScreen.tsx,PASS,SupportState + BuyerOrderRepository,Transient support draft identity,PASS,CAPTURED_393x852,PENDING,PENDING,NOT_RUN,PASS,FRONTEND_COMPLETE_WEB_CHECKED,IMPLEMENTED_WEB_CHECKED_NATIVE_VALIDATION_PENDING,BLOCKED_BY_ENVIRONMENT,REUSE_WITH_VARIANT of the existing support form with selected order context.
07-tracking-unavailable-in-preparation-fr,309:740,tracking-unavailable,mayush-mobile/src/screens/orders/OrderDeliveryIssueScreens.tsx,PASS,BuyerOrderRepository,Derived tracking availability,PASS,CAPTURED_393x852,PENDING,PENDING,NOT_RUN,PASS,FRONTEND_COMPLETE_WEB_CHECKED,IMPLEMENTED_WEB_CHECKED_NATIVE_VALIDATION_PENDING,BLOCKED_BY_ENVIRONMENT,Preparing order without tracking metadata shows unavailable rather than invented events.
07-order-not-found-error-fr,309:741,order-not-found,mayush-mobile/src/screens/orders/OrderSystemStateScreens.tsx,PASS,BuyerOrderRepository + OrderViewStateManager,Transient requested orderId,PASS,CAPTURED_393x852,PENDING,PENDING,NOT_RUN,PASS,FRONTEND_COMPLETE_WEB_CHECKED,IMPLEMENTED_WEB_CHECKED_NATIVE_VALIDATION_PENDING,BLOCKED_BY_ENVIRONMENT,Invalid lookup clears selected order and never substitutes an arbitrary order.
07-orders-empty-state-fr,309:742,orders-empty,mayush-mobile/src/screens/orders/OrderSystemStateScreens.tsx,PASS,OrderViewStateManager,Transient empty result,PASS,CAPTURED_393x852,PENDING,PENDING,NOT_RUN,PASS,FRONTEND_COMPLETE_WEB_CHECKED,IMPLEMENTED_WEB_CHECKED_NATIVE_VALIDATION_PENDING,BLOCKED_BY_ENVIRONMENT,Empty is derived from a resolved zero-order repository result.
07-orders-error-loading-state-fr,309:743,orders-error,mayush-mobile/src/screens/orders/OrderSystemStateScreens.tsx,PASS,OrderViewStateManager,Transient load error,PASS,CAPTURED_393x852,PENDING,PENDING,NOT_RUN,PASS,FRONTEND_COMPLETE_WEB_CHECKED,IMPLEMENTED_WEB_CHECKED_NATIVE_VALIDATION_PENDING,BLOCKED_BY_ENVIRONMENT,Retry returns to loading without deleting durable orders.
07-orders-skeleton-loading-state,309:744,orders-skeleton,mayush-mobile/src/screens/orders/OrderSystemStateScreens.tsx,PASS,OrderViewStateManager,Transient loading state,PASS,CAPTURED_393x852,PENDING,PENDING,NOT_RUN,PASS,FRONTEND_COMPLETE_WEB_CHECKED,IMPLEMENTED_WEB_CHECKED_NATIVE_VALIDATION_PENDING,BLOCKED_BY_ENVIRONMENT,Structural list skeleton mirrors header search tabs and order-card hierarchy.
07-order-detail-skeleton-loading-state,309:745,order-detail-skeleton,mayush-mobile/src/screens/orders/OrderSystemStateScreens.tsx,PASS,OrderViewStateManager,Transient detail loading state,PASS,CAPTURED_393x852,PENDING,PENDING,NOT_RUN,PASS,FRONTEND_COMPLETE_WEB_CHECKED,IMPLEMENTED_WEB_CHECKED_NATIVE_VALIDATION_PENDING,BLOCKED_BY_ENVIRONMENT,Structural detail skeleton mirrors summary timeline products address payment totals and actions.
