token_name,current_runtime_value,earlier_locked_value,figma_defined_value,sample_1,sample_2,sample_3,final_value,authority_source,confidence,affected_components,notes
brand/orange/500,#FF7900,#D97434,#D97434,#D97434,#D97434,#D97434,#D97434,MAYUSH_FIGMA_DESIGN_GUIDELINES.md Section 5,HIGH,PrimaryButton; Radio; ProgressStep; CheckoutCard edit text; Badge,Figma guidelines section 5 explicitly locks #D97434 as primary Mayush orange
brand/orange/600,#D96400,#C66528,#C66528,#C66528,#C66528,#C66528,#C66528,MAYUSH_FIGMA_DESIGN_GUIDELINES.md Section 5,HIGH,PrimaryButton pressed state,Figma guidelines section 5 explicitly locks #C66528 as dark orange
brand/orange/100,#FFF0DE,#F8E6D7,#F8E6D7,#F8E6D7,#F8E6D7,#F8E6D7,#F8E6D7,MAYUSH_FIGMA_DESIGN_GUIDELINES.md Section 5,HIGH,Badge background; Soft card background,Figma guidelines section 5 explicitly locks #F8E6D7 as soft orange tint
brand/navy/900,#101D35,#1F2A3A,#1F2A3A,#1F2A3A,#1F2A3A,#1F2A3A,#1F2A3A,MAYUSH_FIGMA_DESIGN_GUIDELINES.md Section 5,HIGH,MayushText; Headings; Icons; Table text,Figma guidelines section 5 explicitly locks #1F2A3A as primary deep navy text
brand/navy/700,#263653,#344154,#344154,#344154,#344154,#344154,#344154,MAYUSH_FIGMA_DESIGN_GUIDELINES.md Section 5,HIGH,Secondary headers; Subtitles,Figma guidelines section 5 explicitly locks #344154 as secondary navy
surface/cream,#FFF9F1,#F2E8DA,#F2E8DA,#F2E8DA,#F2E8DA,#F2E8DA,#F2E8DA,MAYUSH_FIGMA_DESIGN_GUIDELINES.md Section 5,HIGH,Page background; Card containers; Hero fallback,Figma guidelines section 5 explicitly locks #F2E8DA as warm surface cream
surface/cream-light,#FFFCF8,#FAF6F0,#FAF6F0,#FAF6F0,#FAF6F0,#FAF6F0,#FAF6F0,MAYUSH_FIGMA_DESIGN_GUIDELINES.md Section 5,HIGH,Card background; Soft surface,Figma guidelines section 5 explicitly locks #FAF6F0 as cream light
surface/white,#FFFFFF,#FFFFFF,#FFFFFF,#FFFFFF,#FFFFFF,#FFFFFF,#FFFFFF,MAYUSH_FIGMA_DESIGN_GUIDELINES.md Section 5,HIGH,Card surfaces; Inputs; Modals,White surface token is consistent across all sources
border/warm,#EEE7DE,#E7DED3,#E7DED3,#E7DED3,#E7DED3,#E7DED3,#E7DED3,MAYUSH_FIGMA_DESIGN_GUIDELINES.md Section 5,HIGH,Card borders; Input borders; Dividers,Figma guidelines section 5 explicitly locks #E7DED3 as warm border
