component_name,component_variant,source_screenshot,source_region_description,observed_width,observed_height,observed_padding,observed_gap,observed_radius,observed_colors,observed_typography,observed_icon,rtl_reference,runtime_component_path,implementation_status,visual_validation_status,notes
MayushLogo,Default,01-entry/01-splash-screen-logo.png,Center splash logo,140px,40px,0px,0px,0px,#D97434,N/A,N/A,11-arabic-rtl/11-language-selection-ar.png,src/design-system/components/brand/MayushLogo.tsx,IMPLEMENTED,PIXEL_PARITY_PASS,Official PNG asset
PrimaryButton,Default,01-entry/01-language-selection-french-arabic.png,Bottom primary CTA,361px,48px,16px,0px,12px,#D97434 / #FFFFFF,button (15px/bold),N/A,11-arabic-rtl/11-language-selection-ar.png,src/design-system/components/actions/PrimaryButton.tsx,IMPLEMENTED,PIXEL_PARITY_PASS,Full width primary CTA
SecondaryButton,Default,04-auth/04-welcome-sign-in-create-account-guest-fr.png,Secondary sign in CTA,361px,48px,16px,0px,12px,#F2E8DA / #D97434,button (15px/bold),N/A,11-arabic-rtl/11-language-selection-ar.png,src/design-system/components/actions/SecondaryButton.tsx,IMPLEMENTED,PIXEL_PARITY_PASS,Warm cream button
OutlineButton,Default,04-auth/04-welcome-sign-in-create-account-guest-fr.png,Outline CTA,361px,48px,16px,0px,12px,#D97434 border,button (15px/bold),N/A,11-arabic-rtl/11-language-selection-ar.png,src/design-system/components/actions/OutlineButton.tsx,IMPLEMENTED,PIXEL_PARITY_PASS,Border outline CTA
TextField,Default,04-auth/04-login-email-phone-password-fr.png,Email input field,361px,48px,16px,0px,10px,#1F2A3A / #D9DEE4,inputLabel / body,N/A,11-arabic-rtl/11-language-selection-ar.png,src/design-system/components/forms/TextField.tsx,IMPLEMENTED,PIXEL_PARITY_PASS,RTL alignment supported
ProductCard,Grid,02-discovery/02-home-hero-new-arrivals-best-sellers-fr.png,Grid item card,170px,220px,8px,4px,16px,#FFFFFF / #D97434,smallBody / priceRegular,N/A,11-arabic-rtl/11-home-ar.png,src/design-system/components/commerce/ProductCard.tsx,IMPLEMENTED,PIXEL_PARITY_PASS,Includes discount badge
BottomTabBar,Default,02-discovery/02-home-hero-new-arrivals-best-sellers-fr.png,Bottom navigation bar,393px,64px,8px,0px,0px,#FFFFFF / #D97434,caption (11px),Tab icons,11-arabic-rtl/11-home-ar.png,src/design-system/components/navigation/BottomTabBar.tsx,IMPLEMENTED,PIXEL_PARITY_PASS,Preserves 5-tab structure
QuantityStepper,Default,05-cart-wishlist/05-cart-items-promo-code-summary-fr.png,Cart item stepper,100px,36px,2px,4px,8px,#F3F5F7 / #1F2A3A,strongBody,Plus/Minus,11-arabic-rtl/11-cart-ar.png,src/design-system/components/forms/QuantityStepper.tsx,IMPLEMENTED,PIXEL_PARITY_PASS,Min/Max guarded
PaymentOptionCard,Default,06-checkout/06-choose-payment-cmi-cod-wallet-fr.png,Payment selector card,361px,64px,12px,8px,12px,#FAF6F0 / #D97434,strongBody / smallBody,Radio,11-arabic-rtl/11-payment-method-ar.png,src/design-system/components/commerce/PaymentOptionCard.tsx,IMPLEMENTED,PIXEL_PARITY_PASS,Selected state border
